EXPERIENCIA,GENERO_FEMENINO,GENERO_MASCULINO,RESIDENCIA_ARGENTINA,RESIDENCIA_BRAZIL,RESIDENCIA_MEXICO,NV_ESTUDIO_POST_GRADUATE,NV_ESTUDIO_TERTIARY,NV_ESTUDIO_UNIVERSITARY,ESTUDIO_PREV_BUSINESS,ESTUDIO_PREV_COMMERCIAL,ESTUDIO_PREV_DEVELOPMENT,ESTUDIO_PREV_ENGINEERING,ESTUDIO_PREV_MARKETING,TRACK_DH_DATA,TRACK_DH_EJECUTIVO,TRACK_DH_MARKETING,TRACK_DH_PROGRAMACION,target
16.518479532163756,0,1,1,0,0,1,0,0,0,0,0,1,0,0,0,0,1,85.34262290455531
25.6,1,0,0,1,0,0,0,1,0,1,0,0,0,1,0,0,0,100.57572422346436
19.0,1,0,1,0,0,0,0,1,0,0,1,0,0,0,0,0,1,98.4614061235253
18.4,0,1,0,0,1,0,1,0,0,0,1,0,0,0,0,1,0,90.94815519039444
19.1,0,1,1,0,0,1,0,0,0,1,0,0,0,0,0,0,1,87.43577892361321
2.7,0,1,1,0,0,0,0,1,0,0,0,1,0,0,0,0,1,82.69392817118803
0.5,0,1,0,1,0,1,0,0,0,0,0,1,0,0,0,0,1,81.80275523663633
21.5,1,0,1,0,0,1,0,0,0,0,0,0,1,0,0,0,1,101.95914769273139
21.6,1,0,0,1,0,0,0,1,0,0,1,0,0,0,0,0,1,99.34379445510922
26.0,0,1,0,1,0,0,0,1,0,0,0,1,0,0,0,0,1,89.4422198991543
14.4,1,0,0,1,0,0,0,1,0,0,0,1,0,0,0,1,0,95.50203899300824
18.5,1,0,0,1,0,0,1,0,0,0,0,1,0,0,0,1,0,99.10437335989828
15.8,1,0,1,0,0,0,1,0,0,0,0,1,0,0,0,1,0,98.3172359361846
18.0,0,1,1,0,0,0,1,0,0,0,0,1,0,0,0,0,1,88.9659999611331
16.518479532163756,0,1,1,0,0,0,1,0,0,0,0,1,0,1,0,0,0,88.91532434315945
23.4,0,1,1,0,0,0,0,1,0,0,0,1,0,0,0,0,1,88.29838588426026
15.5,1,0,0,0,1,1,0,0,0,0,1,0,0,0,1,0,0,96.97985008132329
16.518479532163756,0,1,1,0,0,0,0,1,0,0,0,0,1,1,0,0,0,90.52020930871315
10.5,1,0,1,0,0,0,1,0,0,0,1,0,0,1,0,0,0,98.38280629730734
17.5,1,0,1,0,0,1,0,0,0,0,0,1,0,0,0,0,1,95.90668104760219
25.9,1,0,0,0,1,1,0,0,1,0,0,0,0,0,0,0,1,102.98597783771747
26.6,0,1,1,0,0,0,0,1,0,0,0,1,0,0,0,0,1,90.08799640877399
28.1,0,1,1,0,0,0,0,1,0,1,0,0,0,0,0,1,0,91.7380351857593
12.8,0,1,1,0,0,1,0,0,0,0,0,1,0,0,0,0,1,84.27869386032145
19.8,1,0,1,0,0,0,0,1,0,0,0,0,1,0,0,0,1,101.80161503628413
16.518479532163756,1,0,0,1,0,0,0,1,0,0,0,1,0,0,0,0,1,96.0529731359924
27.9,0,1,1,0,0,0,1,0,0,1,0,0,0,1,0,0,0,94.24383834665784
9.7,0,1,1,0,0,0,0,1,0,0,0,1,0,0,1,0,0,83.58945089402228
13.5,0,1,1,0,0,0,0,1,0,0,0,1,0,0,0,0,1,85.35826548922448
4.0,1,0,0,1,0,1,0,0,0,1,0,0,0,1,0,0,0,93.50557264355375
17.6,0,1,1,0,0,0,0,1,0,0,0,1,0,0,0,0,1,86.179001009968
10.8,1,0,0,1,0,0,0,1,0,0,0,1,0,0,0,0,1,94.16943320333442
20.1,1,0,0,0,1,0,0,1,0,0,0,1,0,0,0,0,1,97.24723335766917
11.2,1,0,0,1,0,0,0,1,0,0,0,1,0,0,0,0,1,94.38037103602953
22.7,0,1,1,0,0,0,0,1,0,0,0,0,1,0,0,0,1,93.007789385535
16.518479532163756,0,1,0,1,0,0,0,1,0,0,0,1,0,1,0,0,0,86.1601497159281
23.0,1,0,0,0,1,0,0,1,0,0,0,1,0,0,0,1,0,98.69072437199415
26.7,1,0,0,0,1,0,0,1,0,0,0,1,0,0,0,0,1,99.90401694109892
7.0,0,1,0,0,1,0,0,1,0,1,0,0,0,1,0,0,0,84.27188357281024
9.7,0,1,1,0,0,0,0,1,0,1,0,0,0,0,0,0,1,84.86863259565581
27.2,0,1,1,0,0,1,0,0,0,0,1,0,0,0,0,0,1,91.26388670355215
24.5,0,1,1,0,0,0,0,1,0,1,0,0,0,1,0,0,0,90.295418839277
7.9,1,0,1,0,0,0,0,1,0,0,1,0,0,1,0,0,0,95.29250478998355
16.518479532163756,0,1,1,0,0,0,0,1,0,0,1,0,0,0,0,0,1,87.64087122989794
19.8,1,0,0,0,1,0,0,1,0,1,0,0,0,0,0,1,0,98.28395535515516
28.1,0,1,0,1,0,0,0,1,0,0,0,1,0,0,0,0,1,90.49091973908199
4.6,0,1,1,0,0,0,1,0,0,0,1,0,0,1,0,0,0,87.46634094971122
24.4,0,1,0,1,0,1,0,0,0,0,0,1,0,0,0,0,1,88.28491919693533
15.7,1,0,1,0,0,0,0,1,0,1,0,0,0,0,0,0,1,96.76756510986867
21.4,0,1,1,0,0,0,0,1,0,0,0,1,0,1,0,0,0,88.06821284246048
16.518479532163756,0,1,0,1,0,0,0,1,0,0,0,1,0,0,0,0,1,86.20080501919252
16.518479532163756,0,1,1,0,0,0,1,0,0,0,0,1,0,0,0,0,1,88.87254353531277
22.6,0,1,1,0,0,0,0,1,0,0,0,1,0,1,0,0,0,88.131498287169
20.8,0,1,1,0,0,0,1,0,0,0,0,1,0,0,0,0,1,90.27306229508261
9.4,0,1,0,1,0,1,0,0,0,0,1,0,0,0,0,0,1,85.07445145064949
16.6,0,1,0,0,1,0,0,1,0,0,0,1,0,0,0,0,1,86.01266916836988
5.6,0,1,1,0,0,0,0,1,0,0,0,1,0,0,0,0,1,82.74725502215782
20.2,0,1,1,0,0,0,0,1,0,0,0,1,0,0,0,0,1,87.41859083593701
16.518479532163756,0,1,0,1,0,0,0,1,0,1,0,0,0,1,0,0,0,86.82767749973956
27.9,1,0,1,0,0,0,0,1,0,0,0,0,1,0,0,0,1,104.24778431582655
19.8,0,1,1,0,0,0,0,1,0,1,0,0,0,0,0,0,1,88.14426018515793
16.518479532163756,1,0,1,0,0,1,0,0,0,0,0,1,0,1,0,0,0,95.25619427165135
16.518479532163756,1,0,0,0,1,0,0,1,0,0,0,1,0,0,1,0,0,96.15610288768787
7.2,1,0,0,1,0,1,0,0,0,0,0,1,0,0,1,0,0,93.03775713938066
23.4,1,0,1,0,0,0,0,1,1,0,0,0,0,1,0,0,0,102.73208688595244
2.5,0,1,1,0,0,1,0,0,0,0,0,1,0,0,0,1,0,82.28354750676121
9.3,0,1,1,0,0,0,0,1,0,0,0,0,1,0,0,0,1,88.2922956629218
6.5,0,1,1,0,0,0,0,1,0,0,1,0,0,1,0,0,0,85.02754792010388
16.518479532163756,0,1,0,1,0,0,1,0,0,1,0,0,0,0,0,0,1,89.30034752592772
23.8,0,1,1,0,0,1,0,0,0,0,0,1,0,0,0,0,1,88.25624634757818
7.6,0,1,1,0,0,0,0,1,0,0,0,0,1,0,0,1,0,88.36190278280137
8.9,0,1,0,1,0,0,0,1,0,0,0,0,1,0,0,0,1,88.19967010145818
3.2,0,1,1,0,0,0,0,1,1,0,0,0,0,0,0,0,1,86.48308588015287
4.3,0,1,1,0,0,1,0,0,0,1,0,0,0,0,0,0,1,83.60448417349657
15.9,0,1,0,1,0,0,1,0,0,0,0,1,0,1,0,0,0,87.9666262233157
29.8,0,1,0,0,1,1,0,0,0,0,0,1,0,0,0,0,1,91.27657315435889
16.518479532163756,0,1,1,0,0,0,0,1,0,1,0,0,0,1,0,0,0,86.81630249462413
16.518479532163756,1,0,1,0,0,1,0,0,0,0,0,1,0,0,0,0,1,95.67110975775236
16.518479532163756,1,0,1,0,0,0,0,1,0,0,0,1,0,0,1,0,0,95.75836885371359
15.9,0,1,1,0,0,0,0,1,0,0,1,0,0,1,0,0,0,87.39840546310282
23.5,1,0,1,0,0,0,0,1,0,1,0,0,0,0,0,0,1,99.6194032698813
17.9,1,0,1,0,0,1,0,0,0,0,0,1,0,1,0,0,0,95.850009084454
17.7,0,1,0,1,0,0,0,1,0,0,0,1,0,1,0,0,0,86.4787864670792
16.518479532163756,0,1,0,1,0,0,0,1,0,0,1,0,0,1,0,0,0,87.15245882587601
16.518479532163756,0,1,1,0,0,0,0,1,0,0,1,0,0,1,0,0,0,87.39745412107797
3.3,0,1,0,1,0,0,0,1,0,0,0,1,0,1,0,0,0,82.82593577642412
28.5,0,1,1,0,0,0,0,1,0,1,0,0,0,0,0,0,1,91.52345423679412
16.1,1,0,0,1,0,0,1,0,0,0,0,1,0,0,0,1,0,98.16310955562956
4.6,0,1,1,0,0,0,0,1,0,1,0,0,0,1,0,0,0,84.12131074182525
10.4,0,1,1,0,0,0,0,1,0,0,0,1,0,0,0,0,1,84.27116165006834
21.5,1,0,0,1,0,1,0,0,0,0,0,1,0,0,0,0,1,97.2519341662447
16.4,1,0,1,0,0,0,1,0,0,0,1,0,0,1,0,0,0,100.16036938294009
2.2,0,1,1,0,0,0,0,1,1,0,0,0,0,0,0,0,1,86.29053823901458
7.5,0,1,1,0,0,0,1,0,0,0,1,0,0,0,0,0,1,87.75767284082299
26.6,1,0,0,1,0,0,0,1,0,0,0,1,0,0,0,0,1,99.85144746215397
17.5,0,1,1,0,0,1,0,0,0,0,0,1,0,0,0,1,0,85.94306717986986
14.4,0,1,0,0,1,0,1,0,0,0,0,1,0,0,0,0,1,87.78657226534767
12.6,0,1,1,0,0,0,0,1,0,0,0,1,0,1,0,0,0,84.61241838741257
16.518479532163756,0,1,1,0,0,0,0,1,0,0,0,0,1,0,0,0,1,90.4454777324899
15.6,0,1,0,0,1,0,0,1,0,0,0,1,0,1,0,0,0,85.53296543385686
16.518479532163756,0,1,1,0,0,0,0,1,0,0,0,1,0,0,0,1,0,86.02698042031216
1.9,1,0,1,0,0,1,0,0,0,0,1,0,0,0,0,1,0,93.56814970517277
13.7,0,1,1,0,0,0,0,1,0,0,0,1,0,0,0,0,1,84.90958184641134
12.8,0,1,1,0,0,0,1,0,0,0,1,0,0,0,0,0,1,89.05978033832217
16.518479532163756,0,1,1,0,0,1,0,0,0,0,0,1,0,1,0,0,0,85.50261485893053
22.0,0,1,0,0,1,0,0,1,0,0,1,0,0,0,1,0,0,90.03348463531003
13.4,1,0,1,0,0,0,0,1,0,0,0,1,0,0,0,0,1,95.01795959317707
18.3,1,0,1,0,0,0,0,1,0,0,0,1,0,0,1,0,0,96.7485563685719
9.0,0,1,1,0,0,0,0,1,0,0,1,0,0,1,0,0,0,85.52514528598621
16.518479532163756,0,1,1,0,0,0,0,1,0,1,0,0,0,0,0,0,1,86.99458987798911
16.518479532163756,1,0,1,0,0,1,0,0,0,0,0,1,0,1,0,0,0,95.25619427165135
21.2,1,0,1,0,0,1,0,0,0,0,0,1,0,0,0,0,1,97.50927738491546
23.2,0,1,1,0,0,0,1,0,0,0,1,0,0,1,0,0,0,93.01585405467524
13.6,1,0,0,0,1,0,1,0,0,0,0,1,0,0,0,1,0,97.84553916254373
10.2,0,1,0,0,1,1,0,0,0,0,0,1,0,0,0,1,0,83.85987309493085
20.9,1,0,1,0,0,0,0,1,0,0,0,1,0,1,0,0,0,97.91948301645243
6.7,1,0,0,0,1,1,0,0,0,0,1,0,0,0,0,0,1,94.45624103703126
8.7,0,1,1,0,0,0,0,1,0,1,0,0,0,0,0,0,1,84.383641146429
16.518479532163756,0,1,0,1,0,1,0,0,1,0,0,0,0,0,1,0,0,89.51597101208031
0.9,0,1,1,0,0,0,0,1,0,0,1,0,0,0,0,0,1,83.75279814956038
23.0,1,0,0,0,1,0,0,1,0,0,0,1,0,0,0,0,1,98.66423605594386
7.2,0,1,1,0,0,0,0,1,0,0,0,1,0,0,0,1,0,83.38141366036913
14.3,0,1,0,0,1,0,0,1,0,0,0,1,0,0,0,0,1,85.40531008049358
21.6,0,1,1,0,0,0,0,1,0,0,0,1,0,1,0,0,0,87.97227384250449
13.9,0,1,1,0,0,0,0,1,0,0,0,1,0,0,0,0,1,84.7130130845506
15.5,1,0,1,0,0,0,0,1,0,0,1,0,0,0,0,1,0,97.65532997614062
15.9,1,0,1,0,0,0,0,1,0,0,0,1,0,1,0,0,0,95.4346855686882
17.5,0,1,0,0,1,0,0,1,0,0,0,1,0,0,0,1,0,86.31673728790156
21.7,1,0,1,0,0,1,0,0,0,0,0,1,0,0,0,0,1,97.48389696717787
1.5,0,1,1,0,0,0,0,1,0,0,0,1,0,0,1,0,0,82.15973727232175
24.5,0,1,1,0,0,1,0,0,0,0,0,1,0,0,0,0,1,88.58928709607889
14.5,0,1,1,0,0,0,0,1,0,0,0,1,0,0,0,0,1,85.1095127513493
16.518479532163756,0,1,0,1,0,0,1,0,0,0,0,1,0,1,0,0,0,88.38840404795752
10.4,1,0,1,0,0,0,0,1,0,1,0,0,0,1,0,0,0,94.99852071480544
5.5,0,1,0,1,0,0,0,1,0,0,1,0,0,0,0,0,1,84.87929361500271
17.4,0,1,0,1,0,0,0,1,0,0,1,0,0,0,0,0,1,87.93729370562238
16.518479532163756,0,1,1,0,0,0,0,1,0,0,0,1,0,1,0,0,0,85.97046088414591
13.8,0,1,1,0,0,1,0,0,0,1,0,0,0,0,0,1,0,85.55157496884075
10.6,1,0,1,0,0,0,0,1,0,0,0,1,0,0,0,0,1,94.0158882667915
30.3,0,1,1,0,0,0,0,1,0,0,0,1,0,1,0,0,0,91.44061608161888
16.518479532163756,0,1,1,0,0,1,0,0,0,0,0,1,0,0,0,1,0,85.47469331368339
16.518479532163756,0,1,1,0,0,0,1,0,0,0,0,1,0,0,0,0,1,88.87254353531277
21.3,0,1,1,0,0,0,0,1,0,1,0,0,0,0,0,0,1,88.67344238786896
16.518479532163756,0,1,1,0,0,0,0,1,0,0,0,0,1,0,0,1,0,90.6804935519524
4.2,1,0,0,0,1,0,1,0,0,0,0,1,0,1,0,0,0,95.79428907904553
10.4,0,1,1,0,0,1,0,0,0,0,0,1,0,0,0,0,1,83.76945485776598
15.9,0,1,1,0,0,0,0,1,0,0,0,1,0,0,0,0,1,85.64021415641929
16.518479532163756,1,0,1,0,0,0,0,1,0,0,0,1,0,0,0,0,1,95.87411725298571
13.3,1,0,1,0,0,0,1,0,0,0,0,1,0,1,0,0,0,97.48048903426806
9.4,0,1,1,0,0,0,0,1,0,0,1,0,0,0,1,0,0,85.75743189647298
10.6,0,1,0,0,1,0,0,1,0,0,1,0,0,1,0,0,0,86.14291522173559
18.7,1,0,1,0,0,0,0,1,0,1,0,0,0,0,0,0,1,97.60638584043197
25.8,0,1,0,0,1,0,0,1,0,0,0,1,0,0,0,1,0,89.62027560564421
15.7,0,1,1,0,0,0,0,1,0,0,0,1,0,1,0,0,0,85.79439051184102
24.4,1,0,1,0,0,0,1,0,1,0,0,0,0,1,0,0,0,105.54003928020732
12.5,0,1,1,0,0,0,1,0,0,0,0,1,0,1,0,0,0,87.53253876538062
22.4,0,1,1,0,0,0,0,1,0,0,1,0,0,0,0,0,1,90.22516459716275
16.518479532163756,0,1,1,0,0,0,0,1,0,1,0,0,0,0,0,0,1,86.99458987798911
17.9,1,0,1,0,0,0,0,1,0,1,0,0,0,0,0,0,1,96.90448324878969
12.3,0,1,0,0,1,0,0,1,0,1,0,0,0,0,0,0,1,85.42957785395815
10.0,0,1,0,1,0,0,1,0,0,0,1,0,0,0,0,0,1,88.6226943712066
16.518479532163756,0,1,1,0,0,0,0,1,0,0,1,0,0,1,0,0,0,87.39745412107797
14.0,0,1,1,0,0,1,0,0,0,1,0,0,0,1,0,0,0,85.74081345652804
13.8,0,1,1,0,0,0,0,1,0,0,0,1,0,0,0,0,1,84.79824538214766
23.1,1,0,1,0,0,0,0,1,0,0,0,1,0,0,0,1,0,98.63986466925917
18.4,0,1,0,1,0,1,0,0,0,0,1,0,0,1,0,0,0,88.30098645467942
8.6,0,1,1,0,0,0,1,0,0,0,0,1,0,0,0,0,1,86.50288989768416
16.518479532163756,0,1,1,0,0,1,0,0,0,0,1,0,0,1,0,0,0,87.18615074599629
16.4,1,0,1,0,0,1,0,0,0,1,0,0,0,0,0,0,1,96.35676941169008
16.518479532163756,0,1,0,1,0,0,1,0,0,1,0,0,0,1,0,0,0,89.31829777821885
7.3,0,1,1,0,0,0,0,1,0,0,0,1,0,0,0,0,1,83.42977367027976
14.6,0,1,0,1,0,1,0,0,0,0,1,0,0,1,0,0,0,86.43874233479553
22.3,0,1,1,0,0,0,0,1,0,0,0,1,0,0,0,0,1,88.09777689916972
10.8,0,1,1,0,0,0,0,1,0,0,0,1,0,1,0,0,0,84.14921514785193
16.8,0,1,1,0,0,1,0,0,0,0,1,0,0,0,1,0,0,87.20579993844548
16.518479532163756,0,1,1,0,0,0,0,1,0,0,1,0,0,0,0,1,0,87.77495699057755
25.3,1,0,0,1,0,0,0,1,0,0,0,1,0,0,0,0,1,99.23533447097336
18.1,0,1,1,0,0,0,0,1,0,0,1,0,0,0,1,0,0,88.33564693821747
19.0,1,0,1,0,0,0,0,1,0,0,0,1,0,1,0,0,0,96.73873028392109
12.0,0,1,1,0,0,0,0,1,0,0,1,0,0,1,0,0,0,86.42283570509522
25.7,0,1,0,1,0,0,0,1,0,0,0,1,0,0,0,0,1,89.48864536337399
14.0,1,0,0,1,0,0,0,1,0,1,0,0,0,0,0,0,1,95.91787118621565
3.9,1,0,1,0,0,0,1,0,0,0,1,0,0,1,0,0,0,97.1021342700771
16.518479532163756,0,1,0,1,0,0,0,1,0,0,0,1,0,1,0,0,0,86.1601497159281
19.1,0,1,0,1,0,0,0,1,0,0,0,1,0,0,0,0,1,86.98897998096918
16.518479532163756,1,0,1,0,0,0,0,1,0,0,0,0,1,0,0,0,1,99.95152634815511
4.2,1,0,1,0,0,0,0,1,0,0,0,1,0,1,0,0,0,92.87323735968032
19.7,1,0,1,0,0,1,0,0,0,0,0,1,0,0,1,0,0,96.7149587622512
15.7,0,1,0,1,0,0,0,1,0,0,1,0,0,1,0,0,0,87.14303964404733
16.518479532163756,0,1,1,0,0,0,0,1,0,0,0,1,0,1,0,0,0,85.97046088414591
20.0,0,1,0,1,0,0,1,0,0,0,0,1,0,1,0,0,0,89.98638654564654
18.7,0,1,0,1,0,0,0,1,0,0,1,0,0,0,0,1,0,88.70339762202255
10.0,0,1,0,1,0,0,0,1,0,0,1,0,0,0,0,0,1,85.41381320178307
11.2,0,1,0,1,0,0,0,1,1,0,0,0,0,0,0,0,1,88.18759818860278
16.518479532163756,0,1,1,0,0,0,0,1,1,0,0,0,0,0,0,0,1,90.2768657522092
18.6,0,1,1,0,0,1,0,0,0,0,0,1,0,0,0,1,0,86.40348631106431
11.0,0,1,0,1,0,0,0,1,0,0,0,1,0,0,1,0,0,84.09882223900192
26.3,0,1,0,0,1,1,0,0,0,0,0,1,0,1,0,0,0,89.48866820240686
4.2,0,1,1,0,0,0,0,1,0,0,0,1,0,0,0,0,1,83.04832216297105
23.5,1,0,0,1,0,0,0,1,0,0,0,1,0,0,0,1,0,98.8084579188662
16.518479532163756,0,1,0,1,0,0,0,1,0,0,0,1,0,0,0,0,1,86.20080501919252
15.6,0,1,1,0,0,0,1,0,0,1,0,0,0,0,0,1,0,89.41646858249825
18.1,0,1,1,0,0,0,0,1,0,1,0,0,0,0,0,0,1,87.47987114906952
8.5,0,1,1,0,0,0,0,1,0,1,0,0,0,0,0,0,1,84.62894035658364
14.3,0,1,0,1,0,0,0,1,0,0,1,0,0,0,0,1,0,87.07096838586445
16.518479532163756,0,1,1,0,0,0,0,1,0,0,0,1,0,0,0,0,1,86.01644148502939
16.518479532163756,1,0,1,0,0,0,0,1,0,1,0,0,0,0,0,0,1,96.58703598366822
25.7,0,1,1,0,0,0,0,1,0,1,0,0,0,1,0,0,0,90.50326579192205
20.6,0,1,1,0,0,0,1,0,0,0,0,1,0,0,0,0,1,90.19062927122907
16.518479532163756,0,1,1,0,0,0,0,1,0,0,0,1,0,0,1,0,0,85.86490417623673
21.3,0,1,0,0,1,0,0,1,1,0,0,0,0,0,0,0,1,91.51048707698406
3.2,0,1,1,0,0,0,0,1,0,0,1,0,0,0,0,1,0,84.06685632747678
27.5,0,1,1,0,0,1,0,0,0,0,1,0,0,0,0,0,1,91.31122559576674
19.8,1,0,1,0,0,0,0,1,0,0,0,1,0,0,0,0,1,97.07098510778142
19.2,0,1,1,0,0,0,1,0,0,0,0,0,1,0,1,0,0,93.56546787625554
22.0,1,0,1,0,0,0,0,1,0,0,0,1,0,0,0,0,1,98.08934908003577
7.1,1,0,1,0,0,0,0,1,0,0,0,1,0,0,0,0,1,93.79647440635719
16.7,0,1,1,0,0,0,0,1,0,0,0,1,0,0,0,1,0,85.77193588156067
13.0,0,1,1,0,0,1,0,0,0,0,0,1,0,0,0,0,1,84.42967539451966
27.5,0,1,1,0,0,0,0,1,0,0,0,1,0,1,0,0,0,90.54200984637389
18.4,0,1,0,0,1,0,0,1,0,0,0,1,0,0,0,0,1,86.47711279718406
10.1,0,1,1,0,0,0,0,1,0,1,0,0,0,1,0,0,0,85.19665459416382
16.518479532163756,1,0,1,0,0,1,0,0,0,0,0,1,0,1,0,0,0,95.25619427165135
21.7,0,1,1,0,0,0,0,1,0,0,0,1,0,0,0,0,1,87.65163643150518
16.518479532163756,0,1,0,1,0,0,0,1,0,0,0,1,0,0,0,0,1,86.20080501919252
24.1,0,1,1,0,0,0,0,1,0,0,1,0,0,0,0,0,1,90.12748696658447
0.4,1,0,1,0,0,0,1,0,0,0,1,0,0,0,0,0,1,96.02195032500371
8.7,0,1,1,0,0,0,1,0,0,1,0,0,0,0,0,0,1,87.42365113305608
11.8,0,1,1,0,0,0,1,0,0,0,0,1,0,1,0,0,0,86.86308600092185
16.518479532163756,0,1,0,1,0,0,0,1,1,0,0,0,0,0,0,0,1,90.3436766458082
13.8,0,1,1,0,0,0,0,1,0,0,1,0,0,1,0,0,0,86.67787954597401
24.9,0,1,0,0,1,0,0,1,0,0,0,1,0,0,0,0,1,88.9014619018663
20.9,0,1,1,0,0,0,0,1,0,0,0,1,0,0,0,1,0,87.74991509677066
26.9,0,1,1,0,0,0,0,1,0,0,1,0,0,1,0,0,0,91.88907594171401
18.6,1,0,0,0,1,0,0,1,0,0,0,1,0,1,0,0,0,96.96468504588375
13.7,0,1,0,1,0,0,1,0,0,0,1,0,0,0,0,0,1,89.26106172422955
23.1,0,1,0,1,0,0,0,1,0,0,0,1,0,1,0,0,0,88.44695102779136
11.8,0,1,0,1,0,0,1,0,0,0,0,1,0,0,0,0,1,87.13781008009846
4.2,0,1,1,0,0,0,1,0,0,0,0,1,0,0,0,0,1,85.38028468052896
23.4,0,1,1,0,0,0,0,1,0,0,0,0,1,0,0,0,1,93.06940080235569
13.9,0,1,1,0,0,0,0,1,0,1,0,0,0,0,0,0,1,85.99201098147859
9.3,1,0,0,0,1,0,0,1,0,0,0,1,0,0,0,0,1,93.80651846110412
5.5,0,1,0,1,0,1,0,0,0,1,0,0,0,0,0,0,1,83.92366518299984
15.4,0,1,1,0,0,0,0,1,0,0,0,1,0,0,1,0,0,85.6090275221198
27.6,0,1,1,0,0,0,0,1,0,0,1,0,0,1,0,0,0,92.10984985853472
16.518479532163756,0,1,1,0,0,0,1,0,0,0,0,1,0,0,0,0,1,88.87254353531277
9.3,1,0,1,0,0,0,0,1,0,0,0,1,0,1,0,0,0,93.73837167072988
24.7,1,0,1,0,0,1,0,0,0,0,0,1,0,0,0,0,1,98.92935196075231
16.518479532163756,0,1,1,0,0,0,0,1,0,0,1,0,0,0,1,0,0,87.37088650047039
3.2,0,1,0,0,1,0,0,1,0,0,1,0,0,0,1,0,0,84.38244062737908
18.0,0,1,1,0,0,0,0,1,0,0,0,1,0,0,0,0,1,86.57101090688141
10.8,1,0,1,0,0,0,0,1,0,1,0,0,0,0,0,0,1,94.9870499259977
11.4,0,1,1,0,0,0,0,1,0,1,0,0,0,1,0,0,0,85.34535661801456
13.6,0,1,0,1,0,1,0,0,0,0,0,0,1,0,0,0,1,88.8425399836648
19.3,0,1,0,1,0,0,0,1,0,0,0,1,0,0,0,0,1,87.12821776672747
5.9,0,1,0,1,0,0,1,0,0,1,0,0,0,0,0,0,1,87.1792474092452
16.5,0,1,0,0,1,0,0,1,0,0,0,1,0,0,1,0,0,85.88435257138386
8.7,0,1,0,1,0,0,0,1,0,0,0,1,0,0,0,1,0,83.79868366814563
5.1,0,1,1,0,0,0,1,0,0,1,0,0,0,1,0,0,0,86.96427034447652
26.7,1,0,1,0,0,0,0,1,0,0,0,1,0,0,0,1,0,99.84647159862281
11.3,1,0,1,0,0,0,0,1,0,0,0,1,0,1,0,0,0,94.33040521451575
17.4,0,1,1,0,0,0,0,1,0,0,0,1,0,1,0,0,0,86.89388430983419
16.3,0,1,1,0,0,0,0,1,0,0,1,0,0,0,0,0,1,87.59503861962986
26.8,0,1,1,0,0,0,0,1,0,0,0,1,0,1,0,0,0,89.99570369285517
16.518479532163756,0,1,1,0,0,1,0,0,0,0,0,1,0,0,0,0,1,85.34262290455531
5.4,0,1,1,0,0,0,1,0,1,0,0,0,0,0,0,0,1,89.28062140563604
9.0,0,1,1,0,0,0,0,1,1,0,0,0,0,0,0,0,1,87.53090114899017
9.6,0,1,1,0,0,1,0,0,0,1,0,0,0,1,0,0,0,84.18247107652363
15.6,1,0,0,0,1,0,0,1,0,0,1,0,0,1,0,0,0,97.61259208937327
8.8,0,1,1,0,0,0,0,1,0,1,0,0,0,0,0,1,0,84.3294813137108
17.5,0,1,1,0,0,0,0,1,0,0,1,0,0,0,0,0,1,87.87988884608443
7.5,0,1,1,0,0,1,0,0,0,0,0,1,0,0,0,1,0,83.23675987663395
13.6,0,1,1,0,0,0,0,1,0,0,0,1,0,0,0,0,1,84.90350700115124
4.0,0,1,0,1,0,0,0,1,0,0,0,1,0,0,0,0,1,82.99769113056817
16.8,0,1,1,0,0,1,0,0,0,0,0,0,1,1,0,0,0,90.09866312540478
10.1,0,1,1,0,0,1,0,0,0,0,0,1,0,1,0,0,0,83.62796824459807
18.7,0,1,0,1,0,0,0,1,0,0,0,1,0,1,0,0,0,86.48033700301356
16.518479532163756,0,1,0,0,1,0,0,1,0,0,1,0,0,0,0,1,0,88.05929782928206
16.518479532163756,1,0,1,0,0,0,0,1,0,1,0,0,0,0,1,0,0,96.44651854199451
16.518479532163756,1,0,1,0,0,1,0,0,0,1,0,0,0,0,1,0,0,96.14527786393717
5.2,0,1,1,0,0,0,0,1,0,0,0,0,1,0,0,0,1,87.37708715301838
14.7,1,0,1,0,0,0,0,1,0,0,1,0,0,1,0,0,0,97.43267374099187
17.1,0,1,1,0,0,1,0,0,0,1,0,0,0,1,0,0,0,86.56762532625787
9.2,1,0,0,1,0,0,0,1,1,0,0,0,0,0,0,0,1,96.97670447007219
16.518479532163756,1,0,1,0,0,0,0,1,0,0,0,1,0,0,0,0,1,95.87411725298571
16.518479532163756,0,1,1,0,0,0,0,1,0,0,1,0,0,0,0,0,1,87.64087122989794
17.5,0,1,1,0,0,0,0,1,0,1,0,0,0,0,0,0,1,87.11698874417559
24.2,0,1,1,0,0,0,0,1,0,0,0,1,0,1,0,0,0,88.99458271609252
16.518479532163756,0,1,1,0,0,0,0,1,0,0,0,1,0,0,1,0,0,85.86490417623673
16.518479532163756,0,1,1,0,0,0,1,0,0,0,1,0,0,0,0,1,0,90.21416271149587
27.4,0,1,1,0,0,0,0,1,0,0,0,1,0,0,0,0,1,90.39568810561951
18.1,0,1,1,0,0,0,0,1,0,0,0,1,0,0,0,0,1,86.61254468071297
22.8,1,0,1,0,0,0,1,0,0,1,0,0,0,0,0,1,0,102.09297291799186
25.5,0,1,1,0,0,0,1,0,0,0,1,0,0,1,0,0,0,93.3963338289909
20.8,0,1,1,0,0,0,0,1,0,0,0,1,0,0,0,0,1,88.07070657416428
7.6,1,0,1,0,0,0,0,1,0,0,0,0,1,0,0,0,1,98.47667846265956
15.3,0,1,0,0,1,0,0,1,0,0,0,1,0,1,0,0,0,85.64409561163788
17.9,0,1,0,0,1,0,0,1,0,0,1,0,0,0,0,0,1,88.41649386217473
16.5,1,0,1,0,0,0,0,1,0,0,0,1,0,0,0,0,1,95.87116206606656
14.4,1,0,1,0,0,0,1,0,0,0,0,1,0,1,0,0,0,97.73933929644824
15.8,0,1,1,0,0,0,0,1,0,0,0,1,0,0,0,0,1,85.3923268111592
16.518479532163756,0,1,0,0,1,1,0,0,0,0,0,1,0,0,0,0,1,85.59061168622327
26.7,1,0,1,0,0,0,0,1,0,0,0,1,0,0,0,1,0,99.84647159862281
6.7,0,1,1,0,0,0,0,1,0,0,1,0,0,1,0,0,0,85.21564949862021
19.3,0,1,1,0,0,0,0,1,0,0,0,1,0,0,0,0,1,87.09800392592655
11.1,0,1,0,1,0,0,0,1,0,0,0,1,0,1,0,0,0,84.26958760704152
19.7,0,1,0,1,0,0,0,1,0,0,0,1,0,1,0,0,0,87.25151075323363
18.8,1,0,0,1,0,0,0,1,0,0,0,1,0,0,1,0,0,96.51027626265608
7.3,0,1,0,1,0,1,0,0,0,1,0,0,0,0,0,0,1,84.02861482819006
26.4,0,1,1,0,0,0,0,1,0,0,0,0,1,0,0,0,1,94.30400270777781
12.1,0,1,1,0,0,0,0,1,0,0,1,0,0,1,0,0,0,86.46416110001792
16.9,0,1,1,0,0,0,0,1,0,1,0,0,0,0,0,0,1,87.17481467261497
16.518479532163756,0,1,1,0,0,0,0,1,0,1,0,0,0,0,0,0,1,86.99458987798911
20.9,0,1,0,1,0,0,1,0,0,0,1,0,0,0,0,0,1,91.44065234397759
21.2,1,0,0,1,0,0,0,1,0,0,0,1,0,1,0,0,0,97.68008101016007
13.8,0,1,0,1,0,0,0,1,0,1,0,0,0,1,0,0,0,85.64348174905531
22.7,0,1,1,0,0,0,0,1,0,1,0,0,0,0,1,0,0,89.56323674208285
15.8,1,0,1,0,0,1,0,0,0,0,1,0,0,0,0,0,1,97.06520595642446
16.518479532163756,0,1,1,0,0,0,0,1,0,0,0,1,0,0,0,0,1,86.01644148502939
13.4,0,1,1,0,0,1,0,0,0,0,0,1,0,0,0,0,1,84.46845225080578
10.1,1,0,0,0,1,0,1,0,0,0,0,0,1,0,0,0,1,100.95817645710395
10.9,1,0,1,0,0,0,0,1,0,0,0,1,0,1,0,0,0,94.33879517242524
17.3,0,1,1,0,0,0,0,1,0,1,0,0,0,0,0,0,1,87.24418072032205
7.5,1,0,1,0,0,1,0,0,0,0,0,1,0,0,0,0,1,93.00620212955212
8.1,1,0,0,0,1,0,0,1,0,0,1,0,0,0,0,0,1,95.21348345573419
22.9,1,0,1,0,0,0,0,1,1,0,0,0,0,0,0,0,1,102.52672931387025
15.1,0,1,1,0,0,0,0,1,0,0,0,1,0,0,1,0,0,85.43009941491093
23.6,0,1,0,1,0,0,0,1,0,0,1,0,0,0,0,0,1,89.84541744508202
16.6,1,0,1,0,0,0,1,0,0,0,1,0,0,0,0,0,1,100.21046303687822
18.0,0,1,0,1,0,1,0,0,0,0,0,1,0,1,0,0,0,86.19909683444311
17.4,0,1,1,0,0,0,0,1,0,1,0,0,0,0,0,0,1,86.96014723224881
9.4,0,1,1,0,0,0,1,0,0,0,0,1,0,0,0,0,1,86.41615972373226
16.3,0,1,1,0,0,0,1,0,0,1,0,0,0,0,0,0,1,89.38964215530602
15.2,0,1,1,0,0,0,0,1,0,0,0,1,0,0,0,1,0,85.70869475027818
21.5,0,1,1,0,0,0,0,1,0,0,1,0,0,1,0,0,0,90.03251763100185
19.4,0,1,0,0,1,0,0,1,0,1,0,0,0,1,0,0,0,88.14431995066873
19.8,0,1,1,0,0,1,0,0,0,0,1,0,0,0,0,0,1,88.23836069559229
14.4,0,1,1,0,0,0,0,1,0,0,0,1,0,0,0,0,1,84.97516052513683
3.8,0,1,1,0,0,1,0,0,0,0,0,1,0,0,0,0,1,82.28863865101839
16.518479532163756,1,0,0,1,0,1,0,0,0,0,1,0,0,0,1,0,0,96.86537828975615
20.7,0,1,1,0,0,0,0,1,0,0,0,1,0,1,0,0,0,87.63894963992547
19.8,1,0,1,0,0,0,0,1,0,1,0,0,0,0,0,0,1,98.02045800513058
19.9,0,1,1,0,0,1,0,0,0,0,0,1,0,0,0,0,1,86.69738955831235
16.518479532163756,0,1,1,0,0,0,0,1,0,0,0,1,0,0,0,0,1,86.01644148502939
4.4,1,0,1,0,0,0,0,1,0,0,0,1,0,0,0,0,1,92.79206098498395
20.9,0,1,0,0,1,1,0,0,0,0,0,1,0,1,0,0,0,87.55832076840412
6.7,1,0,0,0,1,0,0,1,0,0,0,0,1,0,0,0,1,98.17061613294915
16.518479532163756,0,1,0,0,1,0,0,1,0,1,0,0,0,1,0,0,0,87.09545735787364
30.4,0,1,1,0,0,0,0,1,0,0,0,1,0,1,0,0,0,91.49716088483285
16.518479532163756,0,1,1,0,0,0,0,1,0,0,0,1,0,0,0,0,1,86.01644148502939
26.9,0,1,1,0,0,0,1,0,0,0,0,1,0,1,0,0,0,92.6930086637955
24.9,0,1,1,0,0,0,0,1,0,0,0,1,0,0,0,0,1,89.25297463459034
15.6,0,1,0,0,1,0,0,1,0,0,0,1,0,0,0,1,0,85.5336980652612
11.4,0,1,0,1,0,0,0,1,0,0,1,0,0,0,0,0,1,85.96857334909984
27.5,1,0,1,0,0,0,0,1,0,1,0,0,0,0,0,0,1,100.81981374695204
18.9,1,0,0,1,0,0,0,1,0,1,0,0,0,0,0,1,0,97.8325717650162
21.6,0,1,1,0,0,0,0,1,0,1,0,0,0,0,0,1,0,89.23919643432889
19.1,1,0,1,0,0,0,1,0,0,0,0,1,0,1,0,0,0,99.57086895687041
13.0,0,1,0,0,1,0,0,1,0,0,1,0,0,0,0,0,1,86.39871046529814
8.0,0,1,1,0,0,0,0,1,0,0,1,0,0,0,0,0,1,85.27600723010953
16.518479532163756,0,1,1,0,0,0,0,1,0,0,0,1,0,0,0,0,1,86.01644148502939
3.8,0,1,0,1,0,0,0,1,0,0,0,1,0,1,0,0,0,82.96567896136939
16.0,0,1,1,0,0,0,0,1,0,0,0,1,0,0,0,0,1,85.72755983501273
3.4,0,1,1,0,0,0,0,1,0,0,0,1,0,0,1,0,0,82.55114308484346
16.518479532163756,1,0,0,1,0,0,0,1,0,0,0,1,0,0,0,0,1,96.0529731359924
16.518479532163756,1,0,1,0,0,1,0,0,0,0,1,0,0,0,0,0,1,97.1850712988282
29.3,0,1,0,1,0,0,0,1,0,0,0,1,0,1,0,0,0,90.99580629852008
12.2,0,1,1,0,0,0,0,1,0,0,0,1,0,0,0,0,1,84.82347887772423
17.0,1,0,0,1,0,0,0,1,0,0,0,1,0,1,0,0,0,95.87386115403811
24.0,1,0,1,0,0,1,0,0,0,1,0,0,0,0,0,0,1,99.27968681812446
21.0,0,1,1,0,0,0,0,1,0,0,1,0,0,0,1,0,0,89.53519245076043
10.9,0,1,0,0,1,0,0,1,1,0,0,0,0,0,0,0,1,88.20993667702501
14.1,0,1,0,1,0,0,0,1,0,0,0,1,0,1,0,0,0,85.42434828771555
16.518479532163756,0,1,1,0,0,1,0,0,0,0,0,1,0,0,0,0,1,85.34262290455531
27.2,0,1,1,0,0,0,0,1,0,0,1,0,0,1,0,0,0,92.12198381082764
2.4,1,0,1,0,0,0,0,1,0,0,1,0,0,1,0,0,0,94.1220354022222
8.7,0,1,1,0,0,0,0,1,0,0,0,1,0,0,0,0,1,83.62275153180937
16.518479532163756,0,1,1,0,0,0,0,1,0,1,0,0,0,0,0,0,1,86.99458987798911
7.3,1,0,1,0,0,1,0,0,0,0,0,1,0,0,0,0,1,92.9704197954203
12.5,1,0,0,0,1,0,0,1,0,0,0,1,0,0,0,0,1,94.52439625514977
16.518479532163756,0,1,1,0,0,1,0,0,0,0,0,1,0,0,0,0,1,85.34262290455531
17.2,1,0,1,0,0,0,0,1,0,1,0,0,0,0,0,0,1,96.96276118943602
23.6,0,1,1,0,0,1,0,0,0,0,0,1,0,1,0,0,0,88.09985493333414
17.7,0,1,0,1,0,0,0,1,0,0,0,1,0,0,0,0,1,86.09948234574046
16.518479532163756,0,1,1,0,0,0,0,1,0,0,0,1,0,0,0,0,1,86.01644148502939
19.9,0,1,1,0,0,0,1,0,0,1,0,0,0,0,0,0,1,90.68859075133635
28.8,0,1,1,0,0,0,0,1,0,0,0,1,0,0,0,0,1,91.13528902476656
16.518479532163756,0,1,1,0,0,0,0,1,0,0,0,0,1,1,0,0,0,90.52020930871315
2.6,1,0,1,0,0,0,0,1,0,0,0,1,0,0,0,1,0,92.09319313859518
25.2,0,1,0,0,1,0,0,1,0,0,0,0,1,0,0,0,1,93.31956385574205
25.2,0,1,1,0,0,0,0,1,0,0,0,1,0,0,0,0,1,89.1330438132278
28.7,0,1,1,0,0,1,0,0,0,0,0,0,1,1,0,0,0,94.70973084991681
16.518479532163756,0,1,1,0,0,0,0,1,0,0,0,1,0,0,0,1,0,86.02698042031216
16.6,1,0,1,0,0,0,0,1,0,0,0,1,0,0,0,0,1,95.89960569359326
16.9,0,1,0,1,0,0,0,1,0,0,1,0,0,1,0,0,0,87.84088778716855
20.7,1,0,0,1,0,0,0,1,0,0,0,1,0,0,0,0,1,97.3103484380779
16.1,0,1,1,0,0,0,0,1,0,0,0,1,0,0,0,0,1,85.91042218027283
27.7,0,1,1,0,0,0,0,1,0,1,0,0,0,0,0,0,1,91.19469796070595
15.4,0,1,1,0,0,0,0,1,0,0,0,1,0,0,0,0,1,85.67763397773786
12.7,0,1,1,0,0,0,0,1,1,0,0,0,0,0,0,0,1,88.63345121257747
15.0,0,1,1,0,0,0,0,1,0,0,0,1,0,1,0,0,0,85.35365052359175
24.3,0,1,1,0,0,1,0,0,0,0,1,0,0,0,0,0,1,89.85723574547778
18.3,0,1,1,0,0,1,0,0,0,1,0,0,0,1,0,0,0,87.16205680271241
26.0,0,1,1,0,0,0,0,1,0,1,0,0,0,0,0,0,1,90.91920892461755
26.3,0,1,1,0,0,1,0,0,0,1,0,0,0,0,0,0,1,90.51657611567384
4.4,1,0,0,1,0,0,0,1,0,0,0,1,0,0,0,1,0,92.81743400526946
9.7,1,0,1,0,0,0,0,1,0,0,1,0,0,0,0,0,1,95.4026667615127
10.8,0,1,0,1,0,0,0,1,0,0,0,1,0,0,0,0,1,83.98848739495791
26.2,1,0,1,0,0,1,0,0,0,0,0,1,0,0,0,0,1,99.16990058849194
12.9,0,1,0,1,0,1,0,0,0,0,1,0,0,0,0,0,1,85.78625158246714
7.7,1,0,1,0,0,1,0,0,0,0,0,0,1,1,0,0,0,98.16085717451799
16.518479532163756,0,1,1,0,0,1,0,0,0,0,1,0,0,1,0,0,0,87.18615074599629
20.8,1,0,1,0,0,0,0,1,0,0,0,1,0,1,0,0,0,97.76858105559239
25.4,0,1,1,0,0,0,0,1,0,1,0,0,0,0,0,1,0,90.4946476970699
10.5,0,1,0,0,1,1,0,0,0,0,0,1,0,0,0,1,0,83.90551594636555
18.4,0,1,0,0,1,0,0,1,0,0,0,1,0,1,0,0,0,86.3751152678064
14.0,1,0,1,0,0,0,0,1,0,0,0,1,0,0,1,0,0,94.91920393100754
16.518479532163756,0,1,1,0,0,0,0,1,0,0,1,0,0,0,0,0,1,87.64087122989794
29.1,0,1,1,0,0,0,0,1,0,1,0,0,0,1,0,0,0,92.36743422716643
14.4,0,1,0,0,1,0,1,0,0,1,0,0,0,0,0,0,1,88.66203196581463
9.2,0,1,1,0,0,0,0,1,0,0,0,1,0,0,0,0,1,83.87151524432949
29.5,0,1,0,0,1,0,0,1,0,1,0,0,0,0,1,0,0,92.26097171738064
21.8,1,0,1,0,0,0,1,0,0,0,0,0,1,0,0,0,1,104.20372264372678
8.5,1,0,0,0,1,0,0,1,0,1,0,0,0,0,0,1,0,94.70882346650802
10.5,0,1,1,0,0,0,0,1,0,0,1,0,0,0,0,0,1,85.7462400655431
9.9,0,1,1,0,0,0,0,1,0,0,0,1,0,0,0,0,1,83.7951263421216
16.518479532163756,0,1,1,0,0,0,0,1,0,0,0,1,0,1,0,0,0,85.97046088414591
27.8,1,0,0,1,0,0,0,1,0,0,0,1,0,0,0,0,1,100.2776751591412
5.5,0,1,1,0,0,0,0,1,1,0,0,0,0,1,0,0,0,86.83875051713173
23.6,0,1,0,0,1,0,0,1,0,1,0,0,0,0,0,0,1,89.7305701437463
25.7,1,0,1,0,0,0,0,1,0,0,1,0,0,0,0,0,1,100.9353750011484
19.4,0,1,1,0,0,0,0,1,0,0,0,1,0,0,0,0,1,87.3838650897292
20.5,0,1,1,0,0,0,0,1,0,0,1,0,0,0,0,0,1,89.43382587055414
23.4,1,0,1,0,0,0,0,1,0,0,0,1,0,0,0,0,1,98.41223486540974
9.9,0,1,1,0,0,1,0,0,0,0,1,0,0,0,0,0,1,85.02995887989512
18.2,0,1,1,0,0,0,0,1,0,0,1,0,0,0,0,0,1,88.12493776290515
17.8,1,0,0,0,1,1,0,0,0,0,0,1,0,1,0,0,0,96.02747563596324
15.8,1,0,1,0,0,0,0,1,0,0,0,1,0,1,0,0,0,95.77462110782817
11.5,1,0,1,0,0,0,0,1,0,0,0,1,0,0,0,0,1,94.05286605991382
15.1,0,1,1,0,0,0,0,1,0,0,1,0,0,0,0,0,1,86.93188422650864
20.8,0,1,0,0,1,0,0,1,0,1,0,0,0,0,0,0,1,88.53455364313012
22.5,0,1,1,0,0,0,0,1,0,0,1,0,0,0,0,0,1,90.2966311090895
29.6,0,1,0,0,1,0,1,0,0,0,0,1,0,0,0,0,1,93.51062075635652
22.5,1,0,1,0,0,0,0,1,0,0,0,1,0,0,0,0,1,98.17471305100267
16.518479532163756,0,1,1,0,0,1,0,0,0,0,0,1,0,1,0,0,0,85.50261485893053
16.518479532163756,0,1,1,0,0,0,0,1,0,0,0,1,0,0,0,0,1,86.01644148502939
21.2,0,1,1,0,0,0,0,1,0,1,0,0,0,0,0,0,1,88.6266008759422
10.2,0,1,1,0,0,0,0,1,0,0,0,0,1,0,0,0,1,88.48916766238735
16.518479532163756,1,0,1,0,0,1,0,0,0,1,0,0,0,1,0,0,0,96.41658030597333
16.518479532163756,1,0,1,0,0,0,0,1,0,1,0,0,0,0,0,0,1,96.58703598366822
19.2,0,1,1,0,0,1,0,0,0,0,0,0,1,0,1,0,0,91.29957564394653
20.0,1,0,1,0,0,0,1,0,0,0,1,0,0,0,0,1,0,101.32085235261783
9.6,1,0,1,0,0,0,0,1,0,0,1,0,0,0,0,1,0,95.37959085285826
16.0,0,1,1,0,0,0,0,1,0,0,1,0,0,0,0,1,0,87.58953734452915
12.5,1,0,1,0,0,0,0,1,0,1,0,0,0,0,0,0,1,95.30421070894083
17.1,0,1,0,1,0,0,0,1,0,0,0,1,0,0,0,0,1,86.24266819481475
21.2,0,1,1,0,0,0,0,1,0,1,0,0,0,0,0,1,0,88.75491133900276
25.1,0,1,0,0,1,0,0,1,0,0,0,1,0,0,0,0,1,89.0087191347215
16.1,0,1,1,0,0,1,0,0,0,1,0,0,0,0,0,0,1,86.23550856581016
23.0,0,1,0,1,0,0,0,1,0,0,0,1,0,0,1,0,0,88.18933697286357
10.4,0,1,1,0,0,0,0,1,0,0,1,0,0,0,0,0,1,85.67547717062041
22.7,1,0,0,0,1,0,0,1,1,0,0,0,0,0,1,0,0,102.120289517248
4.3,0,1,1,0,0,0,1,0,0,0,0,0,1,0,0,0,1,89.79580125409073
16.518479532163756,1,0,1,0,0,0,0,1,0,1,0,0,0,0,0,0,1,96.58703598366822
7.1,0,1,0,1,0,0,0,1,0,0,0,1,0,0,0,0,1,83.57347181072834
27.6,0,1,1,0,0,0,0,1,0,1,0,0,0,0,0,0,1,91.25573144877919
16.518479532163756,0,1,1,0,0,0,0,1,0,0,0,1,0,0,0,0,1,86.01644148502939
22.4,1,0,1,0,0,0,1,0,0,0,0,1,0,0,1,0,0,100.79771764991628
26.3,0,1,0,1,0,0,0,1,0,1,0,0,0,0,0,0,1,90.97778399852926
10.9,0,1,1,0,0,0,0,1,0,0,0,1,0,0,0,0,1,84.2080195770627
9.3,0,1,1,0,0,0,0,1,0,0,0,1,0,1,0,0,0,83.9597178549641
22.7,1,0,1,0,0,1,0,0,0,0,0,1,0,0,1,0,0,98.06982912005425
16.518479532163756,0,1,1,0,0,0,0,1,0,1,0,0,0,0,0,1,0,87.18921105533538
15.5,1,0,1,0,0,0,0,1,0,0,0,1,0,1,0,0,0,95.36634439191468
19.5,0,1,0,0,1,1,0,0,0,0,0,1,0,1,0,0,0,86.6908406602916
25.2,0,1,1,0,0,0,0,1,0,0,1,0,0,1,0,0,0,90.72650952467322
5.6,1,0,0,0,1,0,0,1,0,0,0,0,1,0,0,1,0,97.98521543121791
24.7,0,1,1,0,0,0,0,1,0,1,0,0,0,0,0,0,1,90.1126276029029
17.8,1,0,1,0,0,0,0,1,0,0,0,1,0,0,0,1,0,96.77361337329745
16.518479532163756,0,1,0,1,0,0,0,1,0,0,0,1,0,0,0,0,1,86.20080501919252
22.5,0,1,0,1,0,0,0,1,0,1,0,0,0,0,0,0,1,89.31797499769303
16.518479532163756,0,1,1,0,0,1,0,0,0,0,1,0,0,1,0,0,0,87.18615074599629
8.0,1,0,1,0,0,1,0,0,0,1,0,0,0,0,0,0,1,94.33338954912054
23.4,0,1,1,0,0,0,0,1,0,0,0,1,0,0,1,0,0,88.3084556191184
13.7,1,0,0,0,1,0,0,1,0,0,1,0,0,1,0,0,0,96.5386789480746
25.6,0,1,0,0,1,0,0,1,0,0,0,1,0,0,0,0,1,89.10753470273494
21.2,1,0,0,0,1,0,0,1,0,1,0,0,0,1,0,0,0,98.66490475892746
27.6,0,1,1,0,0,0,0,1,0,0,0,1,0,0,1,0,0,90.45978976883758
14.9,0,1,0,1,0,0,0,1,0,0,0,1,0,0,0,0,1,85.32815374194968
18.5,0,1,1,0,0,0,0,1,0,0,0,1,0,0,0,0,1,86.67298066889623
8.5,0,1,0,0,1,0,0,1,0,1,0,0,0,0,0,0,1,84.74692252594303
23.5,0,1,1,0,0,0,0,1,0,0,0,1,0,0,0,0,1,88.51269465809177
23.5,0,1,0,1,0,0,0,1,0,1,0,0,0,0,0,1,0,89.97550147796709
22.2,0,1,1,0,0,1,0,0,0,0,1,0,0,0,0,0,1,89.49143849997566
22.4,0,1,1,0,0,0,0,1,0,0,0,1,0,0,0,0,1,87.71376927689732
24.7,1,0,1,0,0,0,0,1,0,0,1,0,0,1,0,0,0,100.83561982275803
24.8,1,0,1,0,0,0,0,1,0,0,0,1,0,0,1,0,0,99.11701357238326
16.1,1,0,0,1,0,0,0,1,1,0,0,0,0,1,0,0,0,99.81341428759035
16.518479532163756,0,1,0,1,0,0,0,1,0,0,0,0,1,0,0,0,1,90.41777230484685
14.8,1,0,1,0,0,0,0,1,0,0,0,1,0,1,0,0,0,95.3930009039896
16.518479532163756,1,0,0,1,0,1,0,0,0,0,1,0,0,1,0,0,0,97.13636080620178
7.3,0,1,1,0,0,0,0,1,0,1,0,0,0,1,0,0,0,84.69450815027216
9.7,0,1,1,0,0,0,0,1,0,1,0,0,0,1,0,0,0,84.70336754744784
16.518479532163756,1,0,1,0,0,0,0,1,0,0,0,1,0,0,0,0,1,95.87411725298571
8.7,0,1,0,0,1,0,0,1,0,1,0,0,0,0,0,0,1,84.62763967717595
16.518479532163756,0,1,1,0,0,0,0,1,0,0,1,0,0,0,0,0,1,87.64087122989794
8.5,0,1,0,0,1,0,0,1,0,0,1,0,0,1,0,0,0,85.50238154837949
16.518479532163756,1,0,1,0,0,0,0,1,0,0,0,1,0,0,0,0,1,95.87411725298571
24.0,0,1,1,0,0,0,1,0,0,1,0,0,0,0,0,0,1,92.31421774033387
20.5,0,1,1,0,0,0,0,1,1,0,0,0,0,0,0,0,1,91.2740516428654
16.6,0,1,1,0,0,1,0,0,0,1,0,0,0,1,0,0,0,86.43164276662402
5.7,0,1,1,0,0,0,1,0,0,0,0,0,1,0,0,0,1,90.05023359064718
19.2,1,0,1,0,0,0,0,1,1,0,0,0,0,1,0,0,0,100.9044628631638
18.6,0,1,0,1,0,0,0,1,0,1,0,0,0,0,0,1,0,88.09996927697385
8.2,1,0,1,0,0,1,0,0,1,0,0,0,0,0,0,0,1,96.5860043997078
17.7,0,1,1,0,0,0,0,1,0,0,0,1,0,0,0,0,1,86.3236938115773
11.1,1,0,0,1,0,0,1,0,0,0,0,1,0,1,0,0,0,97.18672755834746
19.5,0,1,1,0,0,1,0,0,0,1,0,0,0,0,0,0,1,87.44714497132028
7.4,0,1,0,1,0,0,1,0,0,0,0,1,0,0,0,0,1,86.23810691101443
27.9,0,1,1,0,0,0,0,1,0,1,0,0,0,1,0,0,0,91.61005762573951
13.3,0,1,0,1,0,0,0,1,0,0,1,0,0,0,0,0,1,86.57455616807735
8.9,0,1,1,0,0,0,0,1,0,0,0,0,1,0,0,1,0,88.61859083713964
23.7,0,1,0,1,0,0,0,1,0,0,1,0,0,0,0,0,1,90.02601729034211
24.1,0,1,0,0,1,0,0,1,0,0,0,1,0,0,0,0,1,88.74637563978548
25.7,0,1,1,0,0,0,0,1,0,0,0,1,0,0,0,0,1,89.4647311347664
16.518479532163756,0,1,0,1,0,0,0,1,0,1,0,0,0,0,0,0,1,87.16119041612049
18.4,0,1,1,0,0,0,0,1,0,0,0,1,0,1,0,0,0,86.4348708576733
21.7,1,0,0,0,1,1,0,0,0,1,0,0,0,1,0,0,0,98.43453702369332
5.9,0,1,1,0,0,0,0,1,0,0,1,0,0,0,0,0,1,84.64850968181159
19.5,0,1,0,0,1,0,0,1,0,0,0,1,0,0,0,0,1,87.32689248004303
13.7,1,0,0,1,0,0,0,1,0,0,0,1,0,0,0,0,1,94.86481999037395
18.3,0,1,0,1,0,1,0,0,0,0,1,0,0,0,0,1,0,88.19406286087545
22.7,0,1,0,0,1,0,0,1,0,0,0,1,0,0,0,0,1,87.91553018709644
14.1,0,1,1,0,0,0,0,1,0,0,1,0,0,0,0,1,0,87.06354028458723
18.0,1,0,1,0,0,0,1,0,0,0,0,1,0,0,0,0,1,99.08612461962797
14.6,0,1,1,0,0,0,0,1,0,0,0,1,0,0,0,0,1,85.18453342994273
13.6,0,1,0,1,0,1,0,0,0,0,0,1,0,1,0,0,0,84.63170005002438
22.9,0,1,0,0,1,0,0,1,0,0,1,0,0,1,0,0,0,90.20325630334777
23.7,0,1,0,1,0,0,0,1,0,0,0,1,0,0,0,0,1,88.7807692915053
17.3,1,0,1,0,0,1,0,0,0,0,0,1,0,1,0,0,0,95.43058130002481
18.6,0,1,1,0,0,1,0,0,0,1,0,0,0,0,0,0,1,87.21969636397937
14.5,1,0,1,0,0,0,0,1,0,0,0,1,0,1,0,0,0,95.61708311664755
14.6,1,0,1,0,0,0,1,0,0,0,0,1,0,0,0,0,1,97.84768295038637
23.7,0,1,0,0,1,0,0,1,0,0,1,0,0,1,0,0,0,90.72937173209526
13.0,0,1,0,0,1,0,0,1,0,0,1,0,0,1,0,0,0,86.46794571237386
13.6,1,0,1,0,0,0,0,1,0,0,0,1,0,0,0,0,1,94.93765936779187
19.8,0,1,1,0,0,1,0,0,0,0,1,0,0,0,0,0,1,88.23836069559229
26.7,0,1,1,0,0,0,0,1,0,0,1,0,0,0,0,1,0,92.02921662069338
5.6,1,0,1,0,0,0,1,0,0,1,0,0,0,0,0,0,1,96.58618445328847
11.7,0,1,0,0,1,0,0,1,0,1,0,0,0,1,0,0,0,85.5977004378946
11.2,0,1,1,0,0,1,0,0,0,1,0,0,0,0,0,0,1,84.61182339386033
21.8,0,1,0,1,0,0,0,1,0,1,0,0,0,0,0,0,1,89.22282846182469
18.8,0,1,0,0,1,0,0,1,0,0,1,0,0,1,0,0,0,88.91651264768362
13.7,0,1,1,0,0,1,0,0,0,0,0,1,0,1,0,0,0,84.40451692676064
7.2,0,1,1,0,0,0,0,1,0,1,0,0,0,0,0,0,1,84.67402100268393
16.518479532163756,0,1,0,0,1,0,0,1,1,0,0,0,0,0,0,0,1,90.33677248052307
19.7,0,1,1,0,0,0,0,1,0,1,0,0,0,0,0,0,1,87.90712700656448
7.2,1,0,1,0,0,0,0,1,0,0,0,1,0,0,0,0,1,93.47859403596561
26.1,0,1,0,1,0,1,0,0,0,0,0,1,0,0,0,0,1,88.97422907700468
17.4,0,1,1,0,0,0,0,1,0,0,0,1,0,0,0,0,1,86.33304933532082
21.7,0,1,0,0,1,1,0,0,0,1,0,0,0,1,0,0,0,88.61125071359372
15.7,0,1,1,0,0,1,0,0,0,1,0,0,0,0,0,1,0,86.36386786211604
30.5,1,0,1,0,0,1,0,0,0,0,1,0,0,0,0,0,1,102.04820762110965
13.2,0,1,1,0,0,0,0,1,0,0,1,0,0,1,0,0,0,86.50552214108008
16.518479532163756,0,1,1,0,0,0,0,1,0,1,0,0,0,0,0,0,1,86.99458987798911
22.6,0,1,1,0,0,1,0,0,0,1,0,0,0,0,0,0,1,88.76023303152628
13.3,1,0,0,0,1,0,0,1,0,0,1,0,0,1,0,0,0,96.54954807265078
21.9,1,0,1,0,0,0,0,1,0,0,0,1,0,0,0,0,1,98.04278045250906
18.2,0,1,1,0,0,0,0,1,0,1,0,0,0,0,0,0,1,87.3715876609963
7.3,0,1,0,1,0,1,0,0,0,0,0,1,0,0,0,1,0,83.14324010546217
3.7,0,1,1,0,0,0,0,1,0,0,0,0,1,0,0,1,0,87.46047749570945
28.0,0,1,0,1,0,0,0,1,0,1,0,0,0,0,0,0,1,91.19241053461765
25.5,1,0,0,0,1,0,0,1,0,0,0,0,1,0,0,0,1,103.36925667261441
22.3,1,0,1,0,0,1,0,0,0,0,0,1,0,0,0,1,0,98.00150439578768
9.1,0,1,0,0,1,0,1,0,0,0,0,1,0,0,0,0,1,86.41930027320934
10.5,1,0,1,0,0,0,1,0,0,1,0,0,0,0,0,0,1,97.60106316007563
19.4,0,1,1,0,0,0,0,1,0,0,0,1,0,0,0,0,1,87.3838650897292
24.4,0,1,1,0,0,0,0,1,0,0,0,1,0,1,0,0,0,89.33411097804131
25.7,1,0,0,1,0,0,0,1,0,0,1,0,0,0,0,0,1,101.17631235037113
7.6,0,1,1,0,0,0,1,0,0,0,0,0,1,0,0,0,1,90.38047896000727
27.7,0,1,0,0,1,1,0,0,0,0,0,0,1,0,0,0,1,94.30196353302642
14.1,0,1,1,0,0,0,0,1,0,1,0,0,0,0,0,0,1,86.73988716009404
17.2,1,0,0,0,1,1,0,0,0,0,0,1,0,0,0,1,0,95.96800426197561
4.9,1,0,0,1,0,0,0,1,0,1,0,0,0,1,0,0,0,93.96158325273987
18.4,1,0,1,0,0,0,0,1,0,1,0,0,0,1,0,0,0,97.71303780279612
3.6,0,1,1,0,0,0,0,1,0,0,1,0,0,1,0,0,0,84.37442036655673
15.1,0,1,1,0,0,0,0,1,0,0,0,1,0,1,0,0,0,85.5388670355185
21.0,1,0,0,0,1,0,0,1,0,0,0,1,0,0,0,0,1,97.97319683874292
29.7,0,1,1,0,0,1,0,0,0,0,0,1,0,0,0,0,1,91.04684460692499
13.1,0,1,0,1,0,0,0,1,0,0,0,1,0,1,0,0,0,84.94132492395475
8.2,1,0,1,0,0,0,1,0,0,0,1,0,0,0,0,1,0,97.70402627928411
14.1,0,1,1,0,0,0,0,1,0,0,1,0,0,0,0,0,1,87.06102267866953
16.518479532163756,0,1,1,0,0,1,0,0,0,1,0,0,0,0,0,1,0,86.60039121061138
15.9,0,1,1,0,0,0,1,0,0,0,1,0,0,0,0,0,1,89.88410120950778
3.9,0,1,1,0,0,0,0,1,0,0,0,1,0,1,0,0,0,82.75774473053836
21.0,0,1,1,0,0,0,0,1,0,0,0,0,1,1,0,0,0,92.22772058511555
16.518479532163756,0,1,1,0,0,0,1,0,0,0,0,1,0,0,0,1,0,89.00013554599238
13.1,0,1,1,0,0,0,0,1,0,0,0,1,0,1,0,0,0,84.8348101104752
8.8,0,1,1,0,0,0,0,1,0,1,0,0,0,0,0,0,1,84.65691654135168
23.9,0,1,0,1,0,0,0,1,0,1,0,0,0,0,0,0,1,89.70652521228683
13.5,0,1,1,0,0,0,0,1,0,1,0,0,0,0,0,0,1,85.92411715599374
10.8,0,1,1,0,0,1,0,0,0,1,0,0,0,0,0,1,0,84.86799144643993
13.9,0,1,1,0,0,0,0,1,0,0,0,1,0,0,0,0,1,84.7130130845506
16.518479532163756,0,1,1,0,0,0,0,1,0,0,0,1,0,1,0,0,0,85.97046088414591
14.9,1,0,1,0,0,0,0,1,0,0,0,1,0,0,1,0,0,95.29149717398604
20.7,0,1,1,0,0,0,0,1,0,0,0,1,0,0,0,0,1,88.0673650622375
12.5,0,1,0,1,0,1,0,0,0,1,0,0,0,1,0,0,0,85.28070624131583
28.0,0,1,0,0,1,0,0,1,0,0,0,1,0,0,0,0,1,90.89060486456975
20.2,1,0,0,1,0,0,0,1,0,0,0,1,0,0,0,0,1,97.26127613377767
7.9,0,1,1,0,0,0,0,1,0,0,0,0,1,1,0,0,0,88.60573949364024
23.3,1,0,1,0,0,0,0,1,0,0,1,0,0,0,0,1,0,100.10146652528285
16.518479532163756,0,1,1,0,0,0,0,1,0,0,0,1,0,0,0,1,0,86.02698042031216
25.1,0,1,1,0,0,1,0,0,0,0,0,0,1,1,0,0,0,93.01350819096079
16.518479532163756,0,1,1,0,0,0,0,1,0,0,1,0,0,0,0,0,1,87.64087122989794
18.5,0,1,1,0,0,0,1,0,0,0,0,1,0,0,0,0,1,89.40835394933836
20.7,0,1,0,1,0,1,0,0,0,0,0,1,0,0,0,0,1,87.3164707556449
5.5,0,1,0,1,0,0,0,1,0,0,0,1,0,0,0,1,0,83.25943230484513
16.8,0,1,1,0,0,0,0,1,0,1,0,0,0,0,0,0,1,87.10163982735487
19.7,0,1,0,0,1,0,0,1,0,0,0,1,0,1,0,0,0,87.03004529983849
10.8,0,1,0,0,1,0,0,1,0,0,0,1,0,0,0,1,0,84.39518778043522
19.7,1,0,1,0,0,0,0,1,0,0,0,1,0,0,0,0,1,97.03158731358803
22.6,0,1,0,0,1,1,0,0,0,0,1,0,0,0,0,0,1,89.79766038792974
22.0,1,0,1,0,0,0,1,0,0,1,0,0,0,0,0,0,1,101.67451964523143
13.6,0,1,1,0,0,1,0,0,0,0,1,0,0,0,0,0,1,85.66511432193074
23.4,0,1,1,0,0,0,0,1,0,0,0,1,0,0,0,1,0,88.45960646636844
20.0,0,1,1,0,0,0,0,1,0,0,0,1,0,1,0,0,0,87.26644615961271
13.6,0,1,1,0,0,0,0,1,0,0,1,0,0,0,0,0,1,86.26614964284522
16.518479532163756,0,1,1,0,0,0,0,1,0,1,0,0,0,0,0,0,1,86.99458987798911
16.518479532163756,0,1,0,1,0,0,0,1,0,0,1,0,0,1,0,0,0,87.15245882587601
16.518479532163756,0,1,0,1,0,0,0,1,0,0,0,1,0,0,0,0,1,86.20080501919252
19.0,0,1,1,0,0,1,0,0,0,0,1,0,0,1,0,0,0,88.66337483025238
21.8,0,1,0,0,1,0,0,1,0,0,0,1,0,0,0,1,0,88.0383801380542
16.518479532163756,0,1,1,0,0,0,0,1,0,0,0,1,0,0,0,0,1,86.01644148502939
16.518479532163756,1,0,0,0,1,0,0,1,0,0,0,1,0,0,0,0,1,96.21501378696
13.0,1,0,1,0,0,0,0,1,0,0,1,0,0,0,0,0,1,96.34354127542605
28.0,0,1,1,0,0,0,0,1,0,0,0,1,0,0,0,0,1,90.61566570221416
9.5,0,1,1,0,0,1,0,0,0,1,0,0,0,1,0,0,0,84.27869389588668
12.4,1,0,1,0,0,0,1,0,0,0,0,1,0,0,0,0,1,97.81590256572156
18.7,1,0,0,1,0,0,0,1,0,1,0,0,0,0,0,1,0,97.70128249277883
9.9,1,0,1,0,0,0,0,1,0,0,1,0,0,1,0,0,0,95.52385767832158
5.3,1,0,1,0,0,0,0,1,0,0,0,1,0,1,0,0,0,93.5411159639783
3.1,0,1,1,0,0,0,0,1,0,0,1,0,0,0,0,0,1,84.01786545477894
25.4,0,1,0,0,1,0,0,1,0,0,0,1,0,0,0,0,1,89.06517907076767
16.2,0,1,1,0,0,0,0,1,0,0,0,1,0,0,0,0,1,85.7581369064853
11.7,0,1,0,0,1,0,0,1,0,1,0,0,0,0,0,1,0,85.50965118778635
13.7,0,1,1,0,0,0,0,1,0,1,0,0,0,0,0,0,1,85.83546129095839
11.6,0,1,1,0,0,0,0,1,0,0,0,1,0,1,0,0,0,84.76531860485242
29.4,1,0,1,0,0,0,0,1,0,0,0,1,0,0,0,1,0,100.87175377780481
16.518479532163756,1,0,1,0,0,0,0,1,0,1,0,0,0,0,0,0,1,96.58703598366822
12.9,0,1,1,0,0,1,0,0,0,0,1,0,0,0,0,0,1,85.47929695272907
10.7,0,1,0,1,0,1,0,0,0,0,0,1,0,0,0,1,0,83.9871845058864
19.4,0,1,0,0,1,0,1,0,0,1,0,0,0,0,0,0,1,90.65904903040703
8.6,0,1,1,0,0,0,0,1,0,0,0,1,0,0,0,0,1,83.7410781879534
11.6,0,1,0,1,0,0,0,1,0,0,0,1,0,1,0,0,0,84.60738131126983
8.3,0,1,0,0,1,1,0,0,0,0,1,0,0,0,0,0,1,84.90383039464888
13.5,0,1,1,0,0,1,0,0,0,0,0,1,0,1,0,0,0,84.54802889544297
20.9,1,0,0,0,1,0,0,1,0,0,1,0,0,0,0,1,0,99.28850322989078
22.6,0,1,0,0,1,0,1,0,0,0,0,1,0,1,0,0,0,91.32430198964899
16.7,0,1,1,0,0,0,0,1,0,0,1,0,0,0,0,0,1,87.69109216733693
12.6,0,1,1,0,0,0,1,0,0,0,0,1,0,0,0,0,1,87.3446056945914
14.6,0,1,1,0,0,0,0,1,0,0,0,1,0,0,0,1,0,85.41809984538425
31.6,0,1,1,0,0,0,0,1,1,0,0,0,0,0,0,0,1,95.31116618331086
16.518479532163756,0,1,1,0,0,1,0,0,0,1,0,0,0,0,0,0,1,86.33908669993178
16.518479532163756,0,1,1,0,0,0,0,1,0,0,0,1,0,0,0,0,1,86.01644148502939
15.0,0,1,1,0,0,0,0,1,0,0,0,0,1,1,0,0,0,90.14547911413062
25.9,0,1,1,0,0,0,0,1,0,1,0,0,0,0,0,0,1,90.9706799126908
16.518479532163756,1,0,1,0,0,0,0,1,0,0,0,1,0,0,0,0,1,95.87411725298571
11.6,0,1,0,1,0,0,1,0,0,1,0,0,0,0,0,0,1,88.12886761982621
20.2,0,1,1,0,0,0,1,0,0,0,0,1,0,0,0,0,1,90.078763223522
20.3,0,1,1,0,0,0,0,1,0,0,0,1,0,0,0,1,0,87.86189072759099
11.0,0,1,1,0,0,0,0,1,0,1,0,0,0,0,0,0,1,85.10505022965067
5.2,1,0,1,0,0,1,0,0,0,0,1,0,0,0,0,0,1,94.25111904360838
6.5,1,0,1,0,0,0,0,1,0,1,0,0,0,0,0,0,1,94.13737799167377
4.6,0,1,1,0,0,0,0,1,0,1,0,0,0,0,0,0,1,83.98954423616527
13.1,0,1,1,0,0,0,0,1,0,1,0,0,0,0,0,0,1,85.80902055273111
23.4,0,1,0,0,1,1,0,0,0,0,0,1,0,0,0,0,1,88.0768811896267
16.2,1,0,1,0,0,0,0,1,0,1,0,0,0,1,0,0,0,96.92566434861752
15.9,0,1,0,1,0,0,0,1,0,0,0,1,0,0,0,0,1,85.59636648026496
17.5,0,1,1,0,0,0,0,1,0,0,1,0,0,0,0,0,1,87.87988884608443
18.7,0,1,0,0,1,0,0,1,0,0,0,1,0,0,0,0,1,87.08113994812095
12.7,1,0,1,0,0,0,0,1,0,0,0,1,0,1,0,0,0,94.58391536183251
24.5,1,0,0,1,0,1,0,0,0,0,1,0,0,1,0,0,0,99.93570717983154
16.518479532163756,1,0,1,0,0,0,1,0,0,0,0,1,0,1,0,0,0,98.52789816142838
8.9,1,0,1,0,0,0,0,1,0,0,0,1,0,0,0,1,0,93.8070205324202
22.0,0,1,1,0,0,1,0,0,0,0,0,1,0,0,0,0,1,87.84295287524304
25.8,0,1,1,0,0,0,0,1,0,1,0,0,0,0,0,0,1,90.6954550674307
16.9,1,0,0,0,1,0,1,0,0,0,0,1,0,0,0,1,0,98.7787773808823
22.5,1,0,1,0,0,1,0,0,0,0,0,1,0,0,0,0,1,97.81207925117866
7.5,0,1,1,0,0,0,0,1,0,1,0,0,0,0,0,1,0,84.12205278391457
6.9,0,1,1,0,0,0,0,1,0,0,0,1,0,0,0,0,1,83.74884434004615
16.7,1,0,1,0,0,0,0,1,0,0,1,0,0,0,0,0,1,97.63007352374423
26.5,0,1,0,1,0,1,0,0,0,0,0,1,0,0,0,0,1,89.06423926662413
7.3,0,1,0,1,0,1,0,0,0,0,1,0,0,0,0,0,1,84.5243128001303
18.4,0,1,1,0,0,0,0,1,0,0,1,0,0,0,0,0,1,88.26183745342533
18.1,0,1,1,0,0,0,0,1,0,0,0,1,0,1,0,0,0,87.14351655998823
22.4,0,1,1,0,0,1,0,0,0,1,0,0,0,0,1,0,0,88.87591617110235
16.518479532163756,0,1,1,0,0,1,0,0,0,0,0,1,0,1,0,0,0,85.50261485893053
16.518479532163756,1,0,1,0,0,0,0,1,0,0,0,1,0,0,0,0,1,95.87411725298571
20.1,0,1,0,0,1,0,1,0,0,0,1,0,0,0,0,0,1,91.7703813824699
8.2,1,0,1,0,0,0,1,0,0,1,0,0,0,1,0,0,0,96.93543452790468
22.5,0,1,0,1,0,0,0,1,0,0,0,1,0,0,0,0,1,88.2672300769555
29.4,1,0,1,0,0,0,0,1,0,0,0,1,0,0,0,1,0,100.87175377780481
21.2,0,1,0,1,0,0,0,1,0,1,0,0,0,0,0,0,1,88.66084010454978
17.7,0,1,0,1,0,1,0,0,0,0,1,0,0,0,0,0,1,87.454894230012
19.9,0,1,1,0,0,0,0,1,0,0,0,1,0,0,0,0,1,87.16093633983924
2.7,0,1,1,0,0,0,0,1,0,0,0,1,0,0,0,0,1,82.69392817118803
28.4,0,1,1,0,0,0,0,1,0,0,0,1,0,0,0,0,1,90.79846154020017
28.2,0,1,0,1,0,1,0,0,0,1,0,0,0,1,0,0,0,90.72069202159386
8.6,0,1,1,0,0,0,1,0,0,0,1,0,0,0,0,0,1,88.29145423554178
16.518479532163756,0,1,1,0,0,1,0,0,0,1,0,0,0,0,0,1,0,86.60039121061138
13.1,0,1,1,0,0,0,0,1,0,0,0,1,0,0,0,1,0,84.67576208711765
20.7,1,0,1,0,0,0,0,1,0,0,1,0,0,0,0,0,1,99.5479507676699
29.6,0,1,0,0,1,0,0,1,0,0,0,1,0,0,0,0,1,91.71159362386315
26.1,1,0,1,0,0,0,0,1,0,0,0,1,0,1,0,0,0,99.83373215756265
29.6,0,1,1,0,0,0,0,1,0,0,1,0,0,0,0,0,1,92.60529837928266
15.6,0,1,1,0,0,0,0,1,0,0,0,1,0,0,1,0,0,85.37821173644954
17.4,0,1,0,1,0,1,0,0,0,0,0,1,0,0,0,0,1,85.7628544334901
20.0,0,1,1,0,0,0,1,0,0,0,0,1,0,0,0,0,1,90.01191353300179
3.4,0,1,1,0,0,1,0,0,0,0,0,1,0,1,0,0,0,82.3647189661603
7.7,0,1,0,1,0,1,0,0,0,1,0,0,0,0,0,0,1,83.94862142892515
16.518479532163756,0,1,1,0,0,0,0,1,0,0,0,0,1,1,0,0,0,90.52020930871315
9.7,0,1,1,0,0,1,0,0,0,0,0,1,0,0,0,0,1,83.51675923616435
16.518479532163756,0,1,1,0,0,1,0,0,0,1,0,0,0,0,0,0,1,86.33908669993178
12.0,1,0,1,0,0,0,1,0,0,0,0,1,0,0,1,0,0,98.19819681039488
15.7,1,0,0,1,0,1,0,0,1,0,0,0,0,0,1,0,0,99.2063891769451
26.8,0,1,1,0,0,0,0,1,0,1,0,0,0,0,0,0,1,91.03604102003172
13.0,0,1,1,0,0,1,0,0,0,0,0,0,1,0,1,0,0,89.11479357115357
17.7,0,1,1,0,0,0,0,1,0,0,0,1,0,0,1,0,0,86.57715908214976
22.7,0,1,1,0,0,0,1,0,0,0,0,1,0,1,0,0,0,91.22635266287124
13.5,1,0,1,0,0,0,0,1,1,0,0,0,0,0,0,0,1,98.41023249302587
13.8,1,0,1,0,0,0,0,1,0,0,1,0,0,1,0,0,0,96.55551025991815
26.6,0,1,1,0,0,0,0,1,0,0,1,0,0,0,0,0,1,91.67809202665843
24.5,0,1,0,0,1,0,1,0,0,0,1,0,0,0,0,0,1,93.76815790724771
12.7,0,1,1,0,0,0,0,1,0,0,0,1,0,0,0,0,1,84.63362073329003
10.2,0,1,1,0,0,0,0,1,0,0,0,1,0,1,0,0,0,84.49622379022061
11.9,0,1,1,0,0,0,0,1,0,0,1,0,0,0,1,0,0,86.19074176954001
11.0,1,0,0,1,0,0,0,1,0,0,0,1,0,0,0,1,0,94.30688850814028
28.2,0,1,1,0,0,0,0,1,0,0,1,0,0,0,0,1,0,92.8019835815024
22.9,0,1,0,1,0,0,0,1,0,0,0,1,0,1,0,0,0,88.37301800393783
25.8,0,1,0,1,0,1,0,0,0,0,1,0,0,0,0,0,1,90.21074148140318
16.518479532163756,0,1,1,0,0,0,0,1,1,0,0,0,0,0,1,0,0,90.07673712359271
16.518479532163756,1,0,0,1,0,0,0,1,0,1,0,0,0,1,0,0,0,96.89970800543477
18.9,0,1,1,0,0,0,0,1,0,0,1,0,0,0,0,0,1,88.51658667972585
16.518479532163756,0,1,0,1,0,1,0,0,0,1,0,0,0,0,0,0,1,86.41254140472982
30.0,1,0,1,0,0,0,0,1,0,1,0,0,0,0,0,0,1,101.71572654512124
13.0,1,0,1,0,0,1,0,0,0,1,0,0,0,1,0,0,0,95.14239714735996
12.7,1,0,0,1,0,1,0,0,1,0,0,0,0,0,0,1,0,97.65617301565126
11.8,0,1,0,0,1,0,0,1,0,0,0,1,0,0,0,1,0,84.40815455232816
18.3,0,1,1,0,0,0,1,0,0,0,0,1,0,0,0,0,1,89.24211675881816
9.8,0,1,1,0,0,0,0,1,0,0,0,1,0,0,0,0,1,83.7877176138656
10.2,1,0,0,0,1,0,0,1,0,0,1,0,0,0,0,0,1,95.62331441991866
4.1,0,1,1,0,0,0,0,1,0,0,1,0,0,1,0,0,0,84.59476014693296
16.518479532163756,0,1,1,0,0,0,0,1,0,1,0,0,0,0,0,0,1,86.99458987798911
3.1,1,0,1,0,0,0,0,1,0,0,1,0,0,0,0,1,0,94.15083300699506
27.9,0,1,1,0,0,0,0,1,0,0,0,1,0,0,0,0,1,90.57732442029348
5.8,0,1,0,1,0,0,0,1,0,0,1,0,0,1,0,0,0,85.12527680582582
16.5,1,0,1,0,0,1,0,0,0,0,1,0,0,0,0,0,1,97.16054246650575
19.8,0,1,0,1,0,0,0,1,0,1,0,0,0,1,0,0,0,88.23413988670688
27.3,0,1,1,0,0,0,1,0,1,0,0,0,0,1,0,0,0,96.91901931598402
25.6,0,1,0,1,0,1,0,0,0,1,0,0,0,0,0,1,0,90.02469371788382
20.6,0,1,0,0,1,0,0,1,0,0,1,0,0,1,0,0,0,89.40235986236544
16.5,0,1,1,0,0,0,0,1,0,1,0,0,0,0,0,0,1,86.93236112490791
16.6,0,1,1,0,0,0,0,1,0,0,0,1,0,0,0,0,1,86.02163390657334
14.0,0,1,1,0,0,0,0,1,0,0,0,1,0,0,0,0,1,84.86223812822341
13.9,1,0,0,1,0,1,0,0,0,0,1,0,0,1,0,0,0,96.14161362041098
5.8,0,1,0,0,1,0,0,1,0,1,0,0,0,1,0,0,0,84.53703189541896
14.9,0,1,1,0,0,1,0,0,0,0,1,0,0,1,0,0,0,86.55507663665301
19.3,1,0,1,0,0,0,0,1,0,0,0,1,0,0,1,0,0,97.04863755926814
13.1,0,1,1,0,0,0,0,1,0,0,0,1,0,0,0,1,0,84.67576208711765
21.0,0,1,1,0,0,0,0,1,0,1,0,0,0,0,0,1,0,88.47499200562541
15.4,0,1,1,0,0,0,0,1,0,1,0,0,0,0,0,0,1,86.4624711603801
13.0,0,1,0,1,0,1,0,0,0,0,0,1,0,1,0,0,0,84.296159505883
16.518479532163756,1,0,1,0,0,0,1,0,0,0,0,1,0,0,0,0,1,98.39836289364644
8.3,0,1,1,0,0,0,0,1,0,0,0,1,0,1,0,0,0,83.40641509621346
22.5,1,0,0,1,0,1,0,0,0,0,0,1,0,0,0,0,1,98.10864714029333
6.7,0,1,1,0,0,0,0,1,0,0,0,0,1,0,0,0,1,87.7381240666711
13.8,0,1,1,0,0,0,0,1,0,0,0,1,0,1,0,0,0,84.93417563083128
24.1,1,0,0,1,0,0,0,1,0,0,0,1,0,0,0,0,1,98.7048734406528
12.7,0,1,1,0,0,0,1,0,0,1,0,0,0,0,0,0,1,88.26168879737094
11.4,0,1,0,1,0,0,0,1,0,0,0,1,0,0,0,1,0,84.32773619499754
16.3,0,1,1,0,0,0,0,1,0,0,1,0,0,1,0,0,0,87.63213401080989
12.4,0,1,0,1,0,0,0,1,0,0,0,0,1,0,1,0,0,89.43302624379675
11.8,0,1,0,0,1,0,1,0,0,0,1,0,0,0,0,0,1,88.97097644832644
17.4,1,0,1,0,0,0,0,1,0,0,0,1,0,0,0,0,1,96.25590888047361
27.6,0,1,1,0,0,0,0,1,0,0,0,1,0,0,0,1,0,90.45599638830853
4.5,0,1,0,0,1,0,0,1,0,0,0,1,0,0,0,1,0,83.33892082677869
24.5,0,1,1,0,0,0,0,1,0,0,0,0,1,0,0,0,1,93.12887410021682
16.5,0,1,1,0,0,1,0,0,0,0,0,1,0,1,0,0,0,85.49709817473173
11.9,1,0,1,0,0,0,0,1,0,1,0,0,0,0,0,0,1,95.30342659818601
18.7,1,0,0,0,1,0,0,1,0,0,0,1,0,1,0,0,0,97.0409995067438
25.2,1,0,1,0,0,0,0,1,0,0,0,0,1,1,0,0,0,103.35432346831716
25.1,1,0,1,0,0,1,0,0,0,0,0,0,1,1,0,0,0,102.93029891320545
3.3,1,0,0,1,0,1,0,0,0,0,0,1,0,0,0,0,1,92.02432461612491
24.0,0,1,0,1,0,0,0,1,0,0,1,0,0,1,0,0,0,90.63321906254055
14.1,1,0,1,0,0,1,0,0,0,0,1,0,0,0,0,0,1,96.06873918534272
17.0,0,1,1,0,0,0,0,1,0,0,0,1,0,1,0,0,0,86.2840825478414
21.1,0,1,1,0,0,0,0,1,0,0,1,0,0,0,0,0,1,89.53959994211476
11.0,0,1,0,1,0,0,0,1,0,0,0,1,0,1,0,0,0,84.3081996995292
21.0,0,1,0,0,1,1,0,0,0,1,0,0,0,1,0,0,0,87.87567263010635
24.6,0,1,1,0,0,0,0,1,0,1,0,0,0,0,0,0,1,90.10828609097615
13.8,0,1,1,0,0,0,0,1,0,0,0,1,0,1,0,0,0,84.93417563083128
18.5,0,1,1,0,0,1,0,0,0,0,0,1,0,0,0,0,1,86.04864853750139
27.0,0,1,0,1,0,1,0,0,0,0,0,1,0,1,0,0,0,89.34472193421412
11.7,0,1,0,1,0,1,0,0,0,0,0,1,0,0,0,0,1,84.03211465617623
20.1,0,1,0,1,0,0,0,1,0,0,0,1,0,0,0,0,1,87.49638736214163
7.3,0,1,1,0,0,0,0,1,0,0,0,1,0,0,0,0,1,83.42977367027976
12.5,0,1,1,0,0,0,0,1,0,0,0,1,0,1,0,0,0,84.80869596868038
30.2,1,0,1,0,0,1,0,0,0,0,0,1,0,1,0,0,0,100.77050123529446
16.518479532163756,0,1,1,0,0,0,1,0,1,0,0,0,0,0,0,0,1,92.38139647312755
21.3,0,1,1,0,0,0,0,1,0,0,1,0,0,0,0,0,1,89.68478296596828
10.0,0,1,1,0,0,0,1,0,0,0,1,0,0,1,0,0,0,88.42772982953232
16.518479532163756,1,0,1,0,0,0,1,0,0,1,0,0,0,1,0,0,0,99.50119189211087
15.9,1,0,1,0,0,0,0,1,0,0,0,1,0,0,0,0,1,95.47465030090628
21.2,1,0,0,0,1,0,0,1,0,0,1,0,0,0,0,1,0,99.33230494580424
27.2,1,0,0,0,1,0,0,1,0,0,0,1,0,1,0,0,0,100.11747867984775
10.2,0,1,0,0,1,0,0,1,0,0,0,1,0,0,0,0,1,84.2398734463251
5.9,0,1,0,0,1,0,0,1,0,0,0,1,0,1,0,0,0,83.79550422592457
15.4,0,1,1,0,0,0,0,1,0,1,0,0,0,0,0,0,1,86.4624711603801
21.8,0,1,0,1,0,0,0,1,0,1,0,0,0,1,0,0,0,89.2464703770352
16.9,0,1,1,0,0,0,0,1,0,0,0,0,1,0,0,1,0,90.75197256127701
19.1,1,0,0,0,1,0,1,0,0,0,0,1,0,0,0,0,1,99.74321772306277
1.0,0,1,1,0,0,1,0,0,0,0,0,1,0,1,0,0,0,82.01270672118785
29.7,1,0,0,1,0,0,0,1,0,1,0,0,0,1,0,0,0,102.13395835531901
16.518479532163756,1,0,1,0,0,0,1,0,0,0,1,0,0,1,0,0,0,100.20863903071928
16.518479532163756,0,1,0,1,0,0,1,0,0,0,1,0,0,1,0,0,0,90.16648538012768
10.3,1,0,1,0,0,1,0,0,0,0,0,1,0,0,0,0,1,93.58741345315094
27.3,0,1,1,0,0,1,0,0,0,0,0,1,0,1,0,0,0,90.04393043731406
4.2,0,1,1,0,0,0,0,1,0,0,0,1,0,0,0,0,1,83.04832216297105
18.2,0,1,0,0,1,0,0,1,1,0,0,0,0,1,0,0,0,90.60906851510094
3.6,0,1,0,1,0,0,0,1,0,0,0,1,0,1,0,0,0,82.89161828457817
16.518479532163756,0,1,1,0,0,0,0,1,0,0,0,1,0,1,0,0,0,85.97046088414591
16.518479532163756,0,1,1,0,0,0,0,1,0,0,0,1,0,0,0,1,0,86.02698042031216
25.9,0,1,0,1,0,0,0,1,0,0,1,0,0,1,0,0,0,90.94719052724437
10.7,0,1,0,1,0,0,0,1,0,0,0,1,0,0,0,0,1,84.0151473844353
16.518479532163756,1,0,0,0,1,0,0,1,0,1,0,0,0,1,0,0,0,96.97339219018633
22.7,0,1,1,0,0,0,1,0,0,0,0,0,1,0,0,0,1,95.75300760645331
22.3,0,1,0,1,0,0,0,1,0,0,0,1,0,0,0,0,1,88.1017427962477
19.4,0,1,1,0,0,0,0,1,0,1,0,0,0,0,0,0,1,88.17219175649848
13.3,0,1,1,0,0,0,0,1,0,0,0,1,0,0,0,0,1,85.13467175108525
16.3,1,0,0,0,1,1,0,0,0,1,0,0,0,0,0,0,1,96.45268786220072
25.7,1,0,1,0,0,0,0,1,0,0,1,0,0,0,0,0,1,100.9353750011484
20.4,0,1,1,0,0,0,0,1,0,0,0,1,0,1,0,0,0,87.71391032239914
15.4,0,1,1,0,0,0,0,1,0,0,0,1,0,0,0,0,1,85.67763397773786
20.5,1,0,1,0,0,0,0,1,0,0,1,0,0,0,0,0,1,98.90464863166409
24.2,0,1,1,0,0,0,1,0,0,0,1,0,0,1,0,0,0,93.36326917394292
6.6,0,1,1,0,0,1,0,0,0,1,0,0,0,0,0,0,1,83.94382981056275
25.2,0,1,1,0,0,0,1,0,0,1,0,0,0,0,0,0,1,92.40306588345507
22.3,0,1,1,0,0,0,1,0,0,0,0,1,0,0,0,0,1,90.65830997398413
16.518479532163756,1,0,1,0,0,0,0,1,0,0,1,0,0,1,0,0,0,97.72747672339192
15.5,0,1,0,0,1,0,0,1,0,0,0,1,0,1,0,0,0,85.72086620002466
11.9,0,1,1,0,0,1,0,0,0,0,1,0,0,0,0,0,1,85.36047630215828
17.9,1,0,0,1,0,0,0,1,0,0,1,0,0,1,0,0,0,98.09156967106944
15.0,0,1,1,0,0,1,0,0,0,1,0,0,0,1,0,0,0,86.03932857579574
14.7,0,1,1,0,0,1,0,0,0,0,1,0,0,0,0,0,1,86.51059000074423
22.7,0,1,1,0,0,0,0,1,0,0,0,1,0,0,0,0,1,88.18592477407735
25.8,0,1,1,0,0,0,1,0,0,0,0,1,0,0,0,0,1,92.11597122475438
16.9,0,1,0,1,0,0,0,1,1,0,0,0,0,0,0,0,1,90.256553816684
7.3,0,1,1,0,0,0,0,1,0,1,0,0,0,1,0,0,0,84.69450815027216
16.518479532163756,0,1,1,0,0,0,0,1,0,0,0,1,0,1,0,0,0,85.97046088414591
14.7,0,1,1,0,0,0,0,1,0,0,1,0,0,0,0,0,1,86.96076401213492
16.518479532163756,0,1,0,1,0,0,0,1,0,0,1,0,0,0,0,0,1,87.71438843469599
27.7,0,1,0,1,0,0,0,1,0,0,0,1,0,0,0,0,1,90.35637825126278
26.0,0,1,1,0,0,1,0,0,0,0,0,0,1,0,0,0,1,93.48650404418176
16.518479532163756,0,1,1,0,0,0,0,1,0,0,0,1,0,0,0,0,1,86.01644148502939
16.518479532163756,1,0,0,1,0,1,0,0,0,1,0,0,0,0,0,0,1,96.23447111942176
23.3,1,0,1,0,0,0,1,0,0,1,0,0,0,0,0,0,1,102.12675096694609
16.3,0,1,1,0,0,0,0,1,0,0,0,1,0,1,0,0,0,86.24769970244925
24.2,0,1,1,0,0,0,0,1,0,0,0,0,1,0,0,0,1,93.03957039776984
22.0,0,1,1,0,0,1,0,0,0,0,0,1,0,0,0,0,1,87.84295287524304
20.9,0,1,1,0,0,0,0,1,0,0,0,1,0,0,0,0,1,87.94065165751962
12.2,0,1,1,0,0,0,0,1,0,0,1,0,0,0,0,0,1,86.19938844589535
11.2,0,1,1,0,0,0,0,1,0,1,0,0,0,0,0,1,0,85.21179981843302
28.1,0,1,0,0,1,0,0,1,0,0,0,1,0,0,0,0,1,90.89653707488863
14.1,0,1,1,0,0,0,0,1,0,0,0,1,0,0,0,1,0,85.28323811908375
23.6,0,1,1,0,0,0,0,1,0,0,0,1,0,1,0,0,0,88.88414554929382
26.5,0,1,0,1,0,0,1,0,0,0,0,1,0,0,0,0,1,92.88660817970646
16.518479532163756,1,0,1,0,0,0,0,1,0,0,0,1,0,1,0,0,0,95.68725668743431
30.1,1,0,1,0,0,0,0,1,0,0,0,1,0,0,0,0,1,101.07370692281073
17.5,0,1,1,0,0,0,1,0,0,1,0,0,0,0,0,0,1,90.06487601271297
9.1,1,0,1,0,0,0,0,1,0,1,0,0,0,1,0,0,0,94.55631283540161
21.0,0,1,0,0,1,1,0,0,0,0,0,1,0,0,0,0,1,87.26952005190998
17.4,1,0,1,0,0,0,0,1,0,0,1,0,0,1,0,0,0,97.9308933508798
16.518479532163756,1,0,0,0,1,0,0,1,0,1,0,0,0,1,0,0,0,96.97339219018633
6.4,0,1,1,0,0,0,0,1,0,0,0,1,0,0,1,0,0,83.65655511140957
19.1,0,1,1,0,0,0,0,1,0,1,0,0,0,0,0,0,1,88.01682793500389
26.0,0,1,1,0,0,1,0,0,0,0,1,0,0,1,0,0,0,90.94893231525947
6.3,0,1,1,0,0,0,1,0,0,1,0,0,0,0,0,1,0,87.07173210962051
16.518479532163756,1,0,1,0,0,0,1,0,0,0,0,1,0,1,0,0,0,98.52789816142838
9.7,0,1,0,1,0,0,1,0,0,0,0,1,0,0,0,0,1,86.69334062511582
21.7,1,0,1,0,0,0,1,0,0,0,0,1,0,0,0,1,0,100.62741184225035
16.518479532163756,0,1,1,0,0,0,0,1,0,1,0,0,0,0,1,0,0,86.79396556522823
23.0,1,0,1,0,0,0,0,1,0,0,1,0,0,1,0,0,0,100.20418912000297
20.0,1,0,0,1,0,0,0,1,0,0,1,0,0,1,0,0,0,98.42129834913044
0.6,1,0,1,0,0,0,0,1,0,0,0,1,0,0,0,0,1,92.02113341843364
16.518479532163756,0,1,1,0,0,0,0,1,0,0,0,1,0,0,0,0,1,86.01644148502939
5.6,0,1,0,1,0,0,0,1,1,0,0,0,0,0,0,0,1,86.9912660409569
16.518479532163756,0,1,0,1,0,0,0,1,0,0,0,1,0,0,0,0,1,86.20080501919252
16.518479532163756,1,0,0,1,0,0,0,1,0,0,0,1,0,0,0,0,1,96.0529731359924
22.4,1,0,1,0,0,0,0,1,0,0,0,1,0,0,0,0,1,98.22929025680928
18.2,0,1,1,0,0,0,1,0,0,1,0,0,0,0,0,0,1,90.25230588191462
8.2,0,1,0,0,1,0,0,1,0,1,0,0,0,1,0,0,0,84.72213415362887
10.5,0,1,1,0,0,0,0,1,0,0,0,1,0,0,0,0,1,84.27091204499102
16.518479532163756,0,1,0,1,0,0,0,1,0,0,0,1,0,0,0,0,1,86.20080501919252
19.3,0,1,0,1,0,1,0,0,0,0,1,0,0,1,0,0,0,88.73179339535365
22.3,0,1,0,1,0,0,0,1,0,0,1,0,0,1,0,0,0,89.96795443121404
11.5,0,1,0,1,0,0,0,1,0,1,0,0,0,1,0,0,0,85.53741472835489
21.6,0,1,1,0,0,0,0,1,0,1,0,0,0,0,0,1,0,89.23919643432889
25.2,1,0,1,0,0,1,0,0,0,0,0,1,0,1,0,0,0,98.8440471283423
8.6,0,1,1,0,0,0,1,0,0,0,0,1,0,0,0,0,1,86.50288989768416
16.6,0,1,1,0,0,0,1,0,0,0,0,1,0,1,0,0,0,88.7946537686717
21.4,0,1,1,0,0,0,0,1,0,1,0,0,0,1,0,0,0,88.95361766671124
18.4,1,0,0,1,0,0,0,1,0,0,1,0,0,1,0,0,0,98.20439197536967
19.4,0,1,1,0,0,1,0,0,0,0,0,1,0,0,0,1,0,86.77882850748856
19.6,0,1,1,0,0,0,0,1,0,0,1,0,0,1,0,0,0,88.784808666298
27.2,0,1,0,1,0,0,0,1,0,0,1,0,0,0,0,0,1,91.854570207779
26.4,1,0,0,1,0,0,0,1,0,0,0,1,0,0,0,0,1,99.8116518737672
21.2,0,1,1,0,0,1,0,0,0,0,0,1,0,0,0,0,1,87.40710928171842
15.5,0,1,1,0,0,0,0,1,0,0,0,1,0,0,0,0,1,85.57377310871223
16.518479532163756,0,1,1,0,0,1,0,0,0,0,0,1,0,0,0,0,1,85.34262290455531
28.4,1,0,1,0,0,0,0,1,0,0,0,1,0,1,0,0,0,100.78496193187831
5.1,0,1,0,0,1,0,0,1,0,0,0,1,0,0,0,1,0,83.38692100540338
24.0,0,1,1,0,0,0,0,1,0,0,1,0,0,0,0,0,1,90.19695378799102
16.518479532163756,1,0,1,0,0,0,0,1,0,0,0,1,0,0,0,0,1,95.87411725298571
20.6,0,1,1,0,0,0,0,1,0,0,0,1,0,1,0,0,0,87.49013124307808
25.0,0,1,1,0,0,0,0,1,0,1,0,0,0,1,0,0,0,90.18309127986325
16.518479532163756,0,1,1,0,0,1,0,0,0,0,1,0,0,1,0,0,0,87.18615074599629
7.3,0,1,1,0,0,0,0,1,0,0,0,1,0,0,0,0,1,83.42977367027976
7.7,1,0,0,1,0,0,0,1,0,0,0,1,0,0,0,1,0,93.56788344449083
21.0,0,1,1,0,0,0,1,0,0,0,1,0,0,0,0,0,1,91.5239141511063
11.4,0,1,1,0,0,0,0,1,0,0,0,1,0,1,0,0,0,84.27487971976898
16.518479532163756,0,1,1,0,0,0,0,1,0,0,1,0,0,1,0,0,0,87.39745412107797
26.0,1,0,1,0,0,0,0,1,0,0,0,1,0,1,0,0,0,99.78680731230253
18.7,0,1,1,0,0,0,1,0,0,1,0,0,0,1,0,0,0,90.43041924939516
18.5,1,0,1,0,0,0,0,1,0,0,0,1,0,1,0,0,0,96.95527821771609
12.5,0,1,0,1,0,1,0,0,0,0,0,1,0,0,1,0,0,84.31936200651003
5.9,0,1,1,0,0,0,0,1,0,0,0,1,0,1,0,0,0,83.53361724757896
8.0,0,1,1,0,0,0,0,1,0,0,0,1,0,0,1,0,0,83.49713584700336
17.3,1,0,1,0,0,0,0,1,0,1,0,0,0,0,0,0,1,96.99382565029607
20.8,0,1,0,1,0,0,0,1,0,0,1,0,0,0,0,0,1,89.5769051111325
25.3,0,1,1,0,0,0,0,1,0,0,1,0,0,1,0,0,0,90.86375222707619
9.4,0,1,1,0,0,0,0,1,0,0,0,1,0,1,0,0,0,84.03191824988677
20.0,1,0,1,0,0,1,0,0,0,0,1,0,0,0,0,1,0,98.6257642869755
17.2,1,0,1,0,0,1,0,0,0,0,0,1,0,0,0,0,1,95.68905048872094
15.2,0,1,1,0,0,0,0,1,0,1,0,0,0,0,0,1,0,87.01820514720619
16.518479532163756,1,0,0,1,0,0,0,1,0,1,0,0,0,0,1,0,0,96.49235693146122
27.7,1,0,1,0,0,1,0,0,0,0,1,0,0,0,0,0,1,101.0597112937735
19.6,0,1,1,0,0,0,0,1,0,0,0,1,0,0,0,0,1,86.9667718239002
16.9,0,1,1,0,0,0,0,1,0,0,0,1,0,0,0,0,1,85.77894832330603
26.1,0,1,1,0,0,1,0,0,0,1,0,0,0,0,0,0,1,90.50886392515366
21.5,0,1,1,0,0,0,0,1,0,0,1,0,0,0,0,0,1,89.82634098982182
21.0,0,1,1,0,0,0,1,0,0,0,0,0,1,1,0,0,0,94.71375354487827
16.518479532163756,0,1,0,1,0,0,0,1,0,0,0,1,0,0,0,0,1,86.20080501919252
8.9,0,1,1,0,0,0,0,1,0,0,0,1,0,0,0,0,1,83.68888905956145
19.7,0,1,0,1,0,0,0,1,0,0,0,1,0,0,0,0,1,87.11098560014884
15.5,0,1,1,0,0,0,0,1,0,0,0,1,0,0,1,0,0,85.58409879595133
12.6,1,0,1,0,0,0,0,1,0,1,0,0,0,0,0,0,1,95.28558405279679
16.518479532163756,0,1,1,0,0,0,0,1,0,1,0,0,0,0,0,0,1,86.99458987798911
1.7,0,1,1,0,0,1,0,0,1,0,0,0,0,0,0,0,1,85.84059008021904
21.0,0,1,0,1,0,0,1,0,0,0,0,1,0,0,1,0,0,90.06377987763997
5.5,0,1,1,0,0,0,0,1,0,0,0,1,0,1,0,0,0,83.1972886314295
7.7,0,1,1,0,0,0,0,1,0,0,1,0,0,1,0,0,0,84.92136021662353
17.6,0,1,1,0,0,0,1,0,0,0,0,1,0,0,0,1,0,89.04692175743897
21.7,0,1,1,0,0,0,1,0,0,0,1,0,0,1,0,0,0,92.63960637577372
26.8,0,1,0,0,1,0,0,1,0,0,0,1,0,1,0,0,0,90.01135374043773
14.3,0,1,0,0,1,0,0,1,0,0,0,1,0,0,0,0,1,85.40531008049358
16.0,0,1,1,0,0,0,0,1,0,0,1,0,0,0,1,0,0,87.14529185442201
13.0,0,1,1,0,0,0,1,0,0,0,0,1,0,1,0,0,0,87.55118002570832
9.3,1,0,1,0,0,0,0,1,0,0,1,0,0,0,0,0,1,95.15239005275554
13.9,0,1,1,0,0,0,1,0,0,0,0,1,0,0,0,0,1,87.65408963880226
6.2,0,1,0,1,0,0,0,1,0,1,0,0,0,0,0,0,1,84.19568855850801
27.9,1,0,1,0,0,0,1,0,1,0,0,0,0,0,1,0,0,106.09013628250348
25.9,0,1,0,1,0,0,0,1,0,0,0,1,0,0,1,0,0,89.37679489418976
22.2,0,1,0,0,1,0,0,1,0,0,0,1,0,1,0,0,0,88.36335105435691
16.2,0,1,1,0,0,0,0,1,0,0,1,0,0,1,0,0,0,87.41691749888312
16.5,1,0,0,0,1,1,0,0,0,0,0,1,0,0,0,0,1,95.87995729306648
16.5,0,1,0,1,0,0,0,1,0,0,1,0,0,0,0,0,1,87.70395134828145
13.8,0,1,1,0,0,0,1,0,1,0,0,0,0,0,1,0,0,91.4169225852627
10.0,0,1,1,0,0,0,0,1,0,0,1,0,0,0,0,0,1,85.59502708341921
14.5,0,1,1,0,0,0,0,1,0,0,0,1,0,1,0,0,0,85.31596439252932
22.0,0,1,1,0,0,0,0,1,0,1,0,0,0,0,0,0,1,88.93757344754682
15.4,1,0,0,0,1,0,1,0,0,0,1,0,0,0,0,0,1,100.39344854053195
1.7,0,1,1,0,0,0,1,0,0,0,0,1,0,1,0,0,0,85.36918901618567
9.6,1,0,1,0,0,1,0,0,0,1,0,0,0,1,0,0,0,94.54296785061717
16.518479532163756,0,1,1,0,0,0,0,1,0,0,1,0,0,0,0,0,1,87.64087122989794
9.1,0,1,1,0,0,1,0,0,0,0,0,1,0,0,0,0,1,83.52349139043777
8.5,1,0,1,0,0,0,0,1,0,1,0,0,0,0,1,0,0,94.76698079334918
12.1,0,1,1,0,0,0,0,1,0,0,1,0,0,1,0,0,0,86.46416110001792
21.3,0,1,0,0,1,0,0,1,0,0,0,1,0,1,0,0,0,87.86549589939693
5.4,0,1,1,0,0,1,0,0,0,0,0,1,0,1,0,0,0,82.54737682031647
8.7,1,0,0,1,0,1,0,0,0,0,0,1,0,0,0,0,1,93.32173447600621
5.7,0,1,1,0,0,0,0,1,0,0,1,0,0,0,0,1,0,84.54003529081066
14.9,0,1,1,0,0,0,0,1,0,0,0,1,0,0,0,1,0,85.62552854783122
15.3,0,1,0,1,0,0,1,0,0,0,0,1,0,0,0,0,1,88.15394217724175
6.4,0,1,0,0,1,0,0,1,0,0,1,0,0,0,0,1,0,85.0689025647347
16.518479532163756,1,0,1,0,0,1,0,0,1,0,0,0,0,0,0,1,0,99.59798256159775
15.1,0,1,1,0,0,0,0,1,0,1,0,0,0,0,0,0,1,86.22049662459982
26.1,0,1,1,0,0,0,1,0,0,1,0,0,0,0,0,0,1,93.017514490796
27.4,1,0,1,0,0,0,0,1,0,0,0,1,0,1,0,0,0,100.10979681261063
1.1,0,1,0,0,1,0,0,1,0,0,0,1,0,1,0,0,0,82.48041805821256
20.4,0,1,1,0,0,0,0,1,0,0,0,1,0,0,0,0,1,87.69619469312387
