{"metadata":{"asset_id":"cf9642f7-5e1a-4a47-aeea-66d0ff1a84b0","asset_attributes":["data_asset"],"name":"dataset-tortuga-desafio-2.csv","asset_type":"data_asset","created_at":"2020-08-28T03:11:55Z","description":"","origin_country":"us","owner_id":"IBMid-550008CUAK","project_id":"e5a6ad36-489a-44e0-bee8-492c82a713fb","size":2031803,"tags":[],"usage":{"last_update_time":1598584316137,"last_updated_at":"2020-08-28T03:11:56Z"}},"entity":{"data_asset":{"mime_type":"text/csv","dataset":false}},"attachments":[{"id":"eadd8bda-aa8f-411a-9ded-e05c085134d2","version":2,"asset_type":"data_asset","name":"dataset-tortuga-desafio-2.csv","mime":"text/csv","datasource_type":"193a97c1-4475-4a19-b90c-295c4fdc6517","object_key":"dataset-tortuga-desafio-2.csv","creator_id":"iam-ServiceId-f49c5558-c247-4983-a04f-7d3c7a3d55da","create_time":1598584315997,"size":2031803,"is_remote":false,"is_managed":false,"is_referenced":true,"is_object_key_read_only":false,"is_user_provided_path_key":true,"transfer_complete":true,"is_partitioned":false,"complete_time_ticks":1598584315997,"user_data":{},"test_doc":0,"handle":{"bucket":"desafio2tortuga-donotdelete-pr-8vuqmljhaidmva","location":"us-geo","key":"dataset-tortuga-desafio-2.csv","upload_id":"done","max_part_num":1},"usage":{"access_count":0,"last_accessor_id":"iam-ServiceId-f49c5558-c247-4983-a04f-7d3c7a3d55da","last_access_time":1598584315997}}]}
