{"metadata":{"asset_id":"8997e198-edc7-44a0-be13-977970fb828b","asset_attributes":["notebook"],"name":"parte-1","asset_type":"notebook","created_at":"2020-08-28T03:11:56Z","description":"","origin_country":"us","owner_id":"IBMid-550008CUAK","project_id":"e5a6ad36-489a-44e0-bee8-492c82a713fb","size":23403,"tags":["notebook"],"usage":{"last_update_time":1598646693311,"last_updated_at":"2020-08-28T20:31:33Z"}},"entity":{"notebook":{"kernel":{"name":"python3","display_name":"Python 3.6","language":"python"},"originates_from":{"type":"file"},"runtime":{"environment":"conda2py36-e5a6ad36-489a-44e0-bee8-492c82a713fb"}}},"attachments":[{"id":"b5c34738-6b0b-4340-af86-197c4107d48b","version":2,"asset_type":"notebook","name":"attachment for notebook 8997e198-edc7-44a0-be13-977970fb828b","description":"attachment for notebook 8997e198-edc7-44a0-be13-977970fb828b","mime":"application/json","datasource_type":"193a97c1-4475-4a19-b90c-295c4fdc6517","object_key":"notebook/parte-1_copy_1_aNZvPIe7G.ipynb","creator_id":"iam-ServiceId-9e68bc5f-c5f6-4f6f-8bcf-e57f47b9d1b1","create_time":1598584317364,"size":23403,"is_remote":false,"is_managed":false,"is_referenced":true,"is_object_key_read_only":false,"is_user_provided_path_key":true,"transfer_complete":true,"is_partitioned":false,"complete_time_ticks":1598584317364,"user_data":{},"test_doc":0,"handle":{"bucket":"desafio2tortuga-donotdelete-pr-8vuqmljhaidmva","location":"us-geo","key":"notebook/parte-1_copy_1_aNZvPIe7G.ipynb","upload_id":"done","max_part_num":1},"usage":{"access_count":0,"last_accessor_id":"iam-ServiceId-9e68bc5f-c5f6-4f6f-8bcf-e57f47b9d1b1","last_access_time":1598584317364}}]}
