{"metadata":{"asset_id":"2d97968f-41ce-43d3-bcc0-cb51530e3a7e","asset_attributes":["notebook"],"name":"parte-2","asset_type":"notebook","created_at":"2020-08-28T03:11:56Z","description":"","origin_country":"us","owner_id":"IBMid-550008CUAK","project_id":"e5a6ad36-489a-44e0-bee8-492c82a713fb","size":25692,"tags":["notebook"],"usage":{"last_update_time":1598646830321,"last_updated_at":"2020-08-28T20:33:50Z"}},"entity":{"notebook":{"kernel":{"name":"python3","display_name":"Python 3.6","language":"python"},"originates_from":{"type":"file"},"runtime":{"environment":"conda2py36-e5a6ad36-489a-44e0-bee8-492c82a713fb"}}},"attachments":[{"id":"7a95986c-84de-438c-a33c-babaee694ccc","version":2,"asset_type":"notebook","name":"attachment for notebook 2d97968f-41ce-43d3-bcc0-cb51530e3a7e","description":"attachment for notebook 2d97968f-41ce-43d3-bcc0-cb51530e3a7e","mime":"application/json","datasource_type":"193a97c1-4475-4a19-b90c-295c4fdc6517","object_key":"notebook/parte-2_7clKe3DTD.ipynb","creator_id":"iam-ServiceId-9e68bc5f-c5f6-4f6f-8bcf-e57f47b9d1b1","create_time":1598584317526,"size":25692,"is_remote":false,"is_managed":false,"is_referenced":true,"is_object_key_read_only":false,"is_user_provided_path_key":true,"transfer_complete":true,"is_partitioned":false,"complete_time_ticks":1598584317526,"user_data":{},"test_doc":0,"handle":{"bucket":"desafio2tortuga-donotdelete-pr-8vuqmljhaidmva","location":"us-geo","key":"notebook/parte-2_7clKe3DTD.ipynb","upload_id":"done","max_part_num":1},"usage":{"access_count":0,"last_accessor_id":"iam-ServiceId-9e68bc5f-c5f6-4f6f-8bcf-e57f47b9d1b1","last_access_time":1598584317526}}]}
